scene;is_cutscene;setup;idx;exiting_room;entering_room;transition;params;description;pos_x;pos_y;pos_z;rot_x;rot_y;rot_z
0;False;0;0;1;0;01 FF -> 00 FF;002E:007F;Shutter Door, Front Room Clear, Switch Flag: 3F,;-455;400;455;0;57344;0
0;False;0;1;6;5;06 FF -> 05 FF;002E:0083;Shutter Door, Front Switch Flag, Switch Flag: 03,;-1535;-760;1070;0;49152;0
0;False;0;2;4;3;04 FF -> 03 FF;002E:003F;Shutter Door, Lifting, Switch Flag: 3F,;-75;-880;580;0;0;0
0;False;0;3;7;8;07 FF -> 08 FF;002E:003F;Shutter Door, Lifting, Switch Flag: 3F,;-2420;-760;-453;0;8192;0
0;False;0;4;9;11;09 FF -> 11 FF;002E:007F;Shutter Door, Front Room Clear, Switch Flag: 3F,;-896;-1880;-964;0;4187;0
0;False;0;5;1;2;01 FF -> 02 FF;002E:007F;Shutter Door, Front Room Clear, Switch Flag: 3F,;-936;400;936;0;24576;0
0;False;0;6;10;0;10 FF -> 00 FF;002E:00BC;Shutter Door, Front Switch Flag, Switch Flag: 3C,;-560;800;0;0;49152;0
0;False;0;7;6;7;06 FF -> 07 FF;002E:0083;Shutter Door, Front Switch Flag, Switch Flag: 03,;-1855;-760;770;0;0;0
0;False;0;8;4;5;04 FF -> 05 FF;002E:0084;Shutter Door, Front Switch Flag, Switch Flag: 04,;-335;-880;960;0;16384;0
0;False;0;9;3;0;03 FF -> 00 FF;0023:00BF;Room changing plane, Two-Way Horizontal Plane, no fade, Switch Flag: 3F,;0;-320;0;0;49152;0
0;False;0;10;9;3;09 FF -> 03 FF;0023:00BF;Room changing plane, Two-Way Horizontal Plane, no fade, Switch Flag: 3F,;-635;-1100;0;0;49152;0
0;False;0;11;3;7;03 FF -> 07 FF;0023:013F;Room changing plane, Two-Way Vertical Plane, no fade, Switch Flag: 3F,;-1055;-820;0;0;16384;0
1;False;0;0;1;0;01 FF -> 00 FF;0023:003F;Room changing plane, Two-Way Vertical Plane, Switch Flag: 3F,;1140;0;-320;0;16384;0
1;False;0;1;9;0;09 FF -> 00 FF;0023:003F;Room changing plane, Two-Way Vertical Plane, Switch Flag: 3F,;1140;531;-320;0;16384;0
1;False;0;2;9;0;09 FF -> 00 FF;0023:003F;Room changing plane, Two-Way Vertical Plane, Switch Flag: 3F,;1140;531;-920;0;16384;0
1;False;0;3;8;7;08 FF -> 07 FF;0023:003F;Room changing plane, Two-Way Vertical Plane, Switch Flag: 3F,;620;76;-2784;0;16384;0
1;False;0;4;8;7;08 FF -> 07 FF;0023:003F;Room changing plane, Two-Way Vertical Plane, Switch Flag: 3F,;593;76;-3814;0;16384;0
1;False;0;5;12;9;12 FF -> 09 FF;0023:003F;Room changing plane, Two-Way Vertical Plane, Switch Flag: 3F,;2340;531;-920;0;16384;0
1;False;0;6;10;9;10 FF -> 09 FF;0023:003F;Room changing plane, Two-Way Vertical Plane, Switch Flag: 3F,;2340;531;-320;0;16384;0
1;False;0;7;0;7;00 FF -> 07 FF;002E:003F;Shutter Door, Lifting, Switch Flag: 3F,;0;76;-1970;0;0;0
1;False;0;8;3;4;03 FF -> 04 FF;002E:0085;Shutter Door, Front Switch Flag, Switch Flag: 05,;2787;100;-2432;0;10923;0
1;False;0;9;3;1;03 FF -> 01 FF;002E:0085;Shutter Door, Front Switch Flag, Switch Flag: 05,;3560;100;-1276;0;32768;0
1;False;0;10;3;10;03 FF -> 10 FF;002E:0086;Shutter Door, Front Switch Flag, Switch Flag: 06,;4339;531;-600;0;32768;0
1;False;0;11;3;12;03 FF -> 12 FF;002E:0086;Shutter Door, Front Switch Flag, Switch Flag: 06,;3780;531;-920;0;16384;0
1;False;0;12;11;1;11 FF -> 01 FF;002E:003F;Shutter Door, Lifting, Switch Flag: 3F,;2560;0;120;0;0;0
1;False;0;13;14;8;14 FF -> 08 FF;002E:003F;Shutter Door, Lifting, Switch Flag: 3F,;1473;76;-4229;0;32768;0
1;False;0;14;13;4;13 FF -> 04 FF;002E:003F;Shutter Door, Lifting, Switch Flag: 3F,;2433;100;-2894;0;32768;0
1;False;0;15;15;2;15 FF -> 02 FF;002E:007F;Shutter Door, Front Room Clear, Switch Flag: 3F,;-1960;0;-740;0;0;0
1;False;0;16;6;9;06 FF -> 09 FF;002E:003F;Shutter Door, Lifting, Switch Flag: 3F,;1840;411;-1480;0;32768;0
1;False;0;17;5;2;05 FF -> 02 FF;002E:00A2;Shutter Door, Front Switch Flag, Switch Flag: 22,;-1960;531;-732;0;0;0
1;False;0;18;5;0;05 FF -> 00 FF;002E:00A2;Shutter Door, Front Switch Flag, Switch Flag: 22,;-1548;531;-320;0;49152;0
1;False;0;19;1;1;01 FF -> 01 FF;002E:00B6;Shutter Door, Front Switch Flag, Switch Flag: 36,;3560;100;-560;0;0;0
1;False;0;20;7;16;07 FF -> 16 FF;002E:00A0;Shutter Door, Front Switch Flag, Switch Flag: 20,;-360;16;-2784;0;16384;0
1;False;0;21;0;2;00 FF -> 02 FF;002E:0099;Shutter Door, Front Switch Flag, Switch Flag: 19,;-840;0;-1520;0;16384;0
1;False;0;22;4;0;04 FF -> 00 FF;002E:00A1;Shutter Door, Front Switch Flag, Switch Flag: 21,;1460;80;-920;0;16384;0
2;False;0;0;5;15;05 FF -> 15 FF;002E:00BD;Shutter Door, Front Switch Flag, Switch Flag: 3D,;1360;-240;-2119;0;0;0
2;False;0;1;0;1;00 FF -> 01 FF;002E:00BB;Shutter Door, Front Switch Flag, Switch Flag: 3B,;0;-240;-1127;0;0;0
2;False;0;2;1;2;01 FF -> 02 FF;002E:003F;Shutter Door, Lifting, Switch Flag: 3F,;0;-260;-2443;0;0;0
2;False;0;3;4;6;04 FF -> 06 FF;002E:003F;Shutter Door, Lifting, Switch Flag: 3F,;-1360;160;-2284;0;0;0
2;False;0;4;2;7;02 FF -> 07 FF;002E:003F;Shutter Door, Lifting, Switch Flag: 3F,;0;-260;-3983;0;0;0
2;False;0;5;12;7;12 FF -> 07 FF;002E:009E;Shutter Door, Front Switch Flag, Switch Flag: 1E,;-660;-260;-5183;0;32768;0
2;False;0;6;8;7;08 FF -> 07 FF;002E:007F;Shutter Door, Front Room Clear, Switch Flag: 3F,;0;-260;-5303;0;32768;0
2;False;0;7;11;7;11 FF -> 07 FF;002E:007F;Shutter Door, Front Room Clear, Switch Flag: 3F,;660;-260;-5183;0;32768;0
2;False;0;8;1;4;01 FF -> 04 FF;002E:003F;Shutter Door, Lifting, Switch Flag: 3F,;-620;160;-1703;0;16384;0
2;False;0;9;1;5;01 FF -> 05 FF;002E:00BA;Shutter Door, Front Switch Flag, Switch Flag: 3A,;620;-240;-1703;0;49152;0
2;False;0;10;7;10;07 FF -> 10 FF;002E:00B8;Shutter Door, Front Switch Flag, Switch Flag: 38,;-1060;-260;-4683;0;16384;0
2;False;0;11;7;9;07 FF -> 09 FF;002E:009C;Shutter Door, Front Switch Flag, Switch Flag: 1C,;1060;-260;-4683;0;49152;0
2;False;0;12;3;14;03 FF -> 14 FF;002E:003F;Shutter Door, Lifting, Switch Flag: 3F,;460;-1033;-3223;0;49152;0
2;False;0;13;13;3;13 FF -> 03 FF;002E:003F;Shutter Door, Lifting, Switch Flag: 3F,;-581;-1033;-2742;0;56616;0
2;False;0;14;14;1;14 FF -> 01 FF;002E:00BC;Shutter Door, Front Switch Flag, Switch Flag: 3C,;313;-1153;-1703;0;16384;0
2;False;0;15;3;2;03 FF -> 02 FF;0023:00BF;Room changing plane, Two-Way Horizontal Plane, no fade, Switch Flag: 3F,;-40;-638;-3083;0;16384;0
2;False;0;16;3;2;03 FF -> 02 FF;0023:00BF;Room changing plane, Two-Way Horizontal Plane, no fade, Switch Flag: 3F,;40;-638;-3323;0;16384;0
2;False;0;17;3;2;03 FF -> 02 FF;0023:00BF;Room changing plane, Two-Way Horizontal Plane, no fade, Switch Flag: 3F,;-260;-638;-3403;0;16384;0
2;False;0;18;3;2;03 FF -> 02 FF;0023:00BF;Room changing plane, Two-Way Horizontal Plane, no fade, Switch Flag: 3F,;-300;-638;-2863;0;16384;0
2;False;0;19;3;2;03 FF -> 02 FF;0023:00BF;Room changing plane, Two-Way Horizontal Plane, no fade, Switch Flag: 3F,;220;-638;-3203;0;16384;0
2;False;0;20;3;2;03 FF -> 02 FF;0023:00BF;Room changing plane, Two-Way Horizontal Plane, no fade, Switch Flag: 3F,;-60;-638;-3543;0;16384;0
2;False;0;21;6;3;06 FF -> 03 FF;002E:009F;Shutter Door, Front Switch Flag, Switch Flag: 1F,;-1001;-935;-3343;0;49152;0
2;True;0;0;0;1;00 FF -> 01 FF;002E:003F;Shutter Door, Lifting, Switch Flag: 3F,;0;-240;-1127;0;0;0
2;True;0;1;1;2;01 FF -> 02 FF;002E:003F;Shutter Door, Lifting, Switch Flag: 3F,;0;-260;-2443;0;0;0
2;True;0;2;4;6;04 FF -> 06 FF;002E:003F;Shutter Door, Lifting, Switch Flag: 3F,;-1360;160;-2284;0;0;0
2;True;0;3;2;7;02 FF -> 07 FF;002E:003F;Shutter Door, Lifting, Switch Flag: 3F,;0;-260;-3983;0;0;0
2;True;0;4;7;12;07 FF -> 12 FF;002E:003F;Shutter Door, Lifting, Switch Flag: 3F,;-660;-260;-5183;0;0;0
2;True;0;5;7;8;07 FF -> 08 FF;002E:003F;Shutter Door, Lifting, Switch Flag: 3F,;0;-260;-5303;0;0;0
2;True;0;6;7;11;07 FF -> 11 FF;002E:003F;Shutter Door, Lifting, Switch Flag: 3F,;660;-260;-5183;0;0;0
2;True;0;7;1;4;01 FF -> 04 FF;002E:003F;Shutter Door, Lifting, Switch Flag: 3F,;-620;160;-1703;0;16384;0
2;True;0;8;5;1;05 FF -> 01 FF;002E:003F;Shutter Door, Lifting, Switch Flag: 3F,;620;-240;-1703;0;16384;0
2;True;0;9;7;10;07 FF -> 10 FF;002E:003F;Shutter Door, Lifting, Switch Flag: 3F,;-1060;-260;-4683;0;16384;0
2;True;0;10;9;7;09 FF -> 07 FF;002E:003F;Shutter Door, Lifting, Switch Flag: 3F,;1060;-260;-4683;0;16384;0
2;True;0;11;3;14;03 FF -> 14 FF;002E:003F;Shutter Door, Lifting, Switch Flag: 3F,;460;-1033;-3223;0;49152;0
2;True;0;12;15;3;15 FF -> 03 FF;002E:003F;Shutter Door, Lifting, Switch Flag: 3F,;-376;-1033;-2815;0;56616;0
2;True;0;13;14;1;14 FF -> 01 FF;002E:003F;Shutter Door, Lifting, Switch Flag: 3F,;313;-1153;-1703;0;16384;0
2;True;0;14;3;2;03 FF -> 02 FF;0023:00BF;Room changing plane, Two-Way Horizontal Plane, no fade, Switch Flag: 3F,;-40;-638;-3083;0;16384;0
2;True;0;15;3;2;03 FF -> 02 FF;0023:00BF;Room changing plane, Two-Way Horizontal Plane, no fade, Switch Flag: 3F,;40;-638;-3323;0;16384;0
2;True;0;16;3;2;03 FF -> 02 FF;0023:00BF;Room changing plane, Two-Way Horizontal Plane, no fade, Switch Flag: 3F,;-260;-638;-3403;0;16384;0
2;True;0;17;3;2;03 FF -> 02 FF;0023:00BF;Room changing plane, Two-Way Horizontal Plane, no fade, Switch Flag: 3F,;-220;-638;-2963;0;16384;0
2;True;0;18;3;2;03 FF -> 02 FF;0023:00BF;Room changing plane, Two-Way Horizontal Plane, no fade, Switch Flag: 3F,;220;-638;-3203;0;16384;0
2;True;0;19;3;2;03 FF -> 02 FF;0023:00BF;Room changing plane, Two-Way Horizontal Plane, no fade, Switch Flag: 3F,;-60;-638;-3543;0;16384;0
2;True;0;20;5;255;05 FF -> 255 FF;002E:00BF;Shutter Door, Front Switch Flag, Switch Flag: 3F,;1360;-240;-2514;0;0;0
2;True;0;21;6;3;06 FF -> 03 FF;002E:00A0;Shutter Door, Front Switch Flag, Switch Flag: 20,;-1001;-935;-3343;0;49152;0
3;False;0;0;0;1;00 FF -> 01 FF;0009:003F;Door, Loads Rooms, Double Door: False, Message ID (+0200): 023F,;119;359;60;0;0;0
3;False;0;1;2;4;02 FF -> 04 FF;0009:003F;Door, Loads Rooms, Double Door: False, Message ID (+0200): 023F,;119;467;-2516;0;0;0
3;False;0;2;5;11;05 FF -> 11 FF;0009:003F;Door, Loads Rooms, Double Door: False, Message ID (+0200): 023F,;-1367;383;-1440;0;16384;0
3;False;0;3;7;15;07 FF -> 15 FF;0009:003F;Door, Loads Rooms, Double Door: False, Message ID (+0200): 023F,;1663;523;-2876;0;0;0
3;False;0;4;8;11;08 FF -> 11 FF;0009:003F;Door, Loads Rooms, Double Door: False, Message ID (+0200): 023F,;-1502;523;-1864;0;32768;0
3;False;0;5;13;20;13 FF -> 20 FF;002E:02C0;Shutter Door, Small Key Locked, Switch Flag: 00,;1654;1228;-3320;0;49152;0
3;False;0;6;6;13;06 FF -> 13 FF;002E:0095;Shutter Door, Front Switch Flag, Switch Flag: 15,;499;827;-3320;0;49152;0
3;False;0;7;6;12;06 FF -> 12 FF;002E:0095;Shutter Door, Front Switch Flag, Switch Flag: 15,;-381;827;-3320;0;16384;0
3;False;0;8;6;4;06 FF -> 04 FF;002E:007F;Shutter Door, Front Room Clear, Switch Flag: 3F,;119;467;-3010;0;32768;0
3;False;0;9;10;8;10 FF -> 08 FF;002E:007F;Shutter Door, Front Room Clear, Switch Flag: 3F,;-121;800;-2810;0;16384;0
3;False;0;10;10;7;10 FF -> 07 FF;002E:007F;Shutter Door, Front Room Clear, Switch Flag: 3F,;359;800;-2810;0;49152;0
3;False;0;11;21;8;21 FF -> 08 FF;002E:007F;Shutter Door, Front Room Clear, Switch Flag: 3F,;-1643;523;-2794;0;32768;0
3;False;0;12;18;8;18 FF -> 08 FF;002E:007F;Shutter Door, Front Room Clear, Switch Flag: 3F,;-1745;523;-2046;0;49152;0
3;False;0;13;16;3;16 FF -> 03 FF;002E:007F;Shutter Door, Front Room Clear, Switch Flag: 3F,;1605;463;-1440;0;16384;0
3;False;0;14;2;5;02 FF -> 05 FF;0009:0081;Door, Small Key Locked, Double Door: False, Switch Flag: 01,;-761;383;-1440;0;16384;0
3;False;0;15;2;8;02 FF -> 08 FF;0009:003F;Door, Loads Rooms, Double Door: False, Message ID (+0200): 023F,;-669;243;-2228;0;8192;0
3;False;0;16;2;7;02 FF -> 07 FF;002E:00A5;Shutter Door, Front Switch Flag, Switch Flag: 25,;907;243;-2228;0;57526;0
3;False;0;17;2;3;02 FF -> 03 FF;0009:003F;Door, Loads Rooms, Double Door: False, Message ID (+0200): 023F,;999;463;-1440;0;49152;0
3;False;0;18;9;7;09 FF -> 07 FF;0023:00BF;Room changing plane, Two-Way Horizontal Plane, no fade, Switch Flag: 3F,;1265;-77;-1760;0;0;0
3;False;0;19;9;8;09 FF -> 08 FF;0023:00BF;Room changing plane, Two-Way Horizontal Plane, no fade, Switch Flag: 3F,;-1030;-78;-1760;0;0;0
3;False;0;20;17;2;17 FF -> 02 FF;0023:009B;Room changing plane, Two-Way Horizontal Plane, no fade, Switch Flag: 1B,;119;45;-1566;0;0;0
3;False;0;21;15;20;15 FF -> 20 FF;0023:00BF;Room changing plane, Two-Way Horizontal Plane, no fade, Switch Flag: 3F,;2124;813;-3445;0;0;0
3;False;0;22;21;19;21 FF -> 19 FF;0023:00BF;Room changing plane, Two-Way Horizontal Plane, no fade, Switch Flag: 3F,;-1761;683;-3320;0;32768;0
3;False;0;23;1;2;01 FF -> 02 FF;0009:003F;Door, Loads Rooms, Double Door: False, Message ID (+0200): 023F,;119;383;-580;0;0;0
3;False;0;24;15;16;15 FF -> 16 FF;002E:00AB;Shutter Door, Front Switch Flag, Switch Flag: 2B,;1991;403;-1820;0;32768;0
3;False;0;25;11;19;11 FF -> 19 FF;002E:02C2;Shutter Door, Small Key Locked, Switch Flag: 02,;-1761;1228;-1820;0;0;0
3;False;0;26;12;19;12 FF -> 19 FF;002E:02C3;Shutter Door, Small Key Locked, Switch Flag: 03,;-1416;1228;-3320;0;16384;0
3;False;0;27;20;14;20 FF -> 14 FF;002E:02C4;Shutter Door, Small Key Locked, Switch Flag: 04,;1999;1228;-1820;0;32768;0
3;False;0;28;17;22;17 FF -> 22 FF;002E:0154;Shutter Door, Boss Door, Switch Flag: 14,;119;-779;-2813;0;0;0
4;False;0;0;4;5;04 FF -> 05 FF;0023:00BF;Room changing plane, Two-Way Horizontal Plane, no fade, Switch Flag: 3F,;2080;2450;-640;0;16384;0
4;False;0;1;2;10;02 FF -> 10 FF;0023:00BF;Room changing plane, Two-Way Horizontal Plane, no fade, Switch Flag: 3F,;-1020;1990;0;0;0;0
4;False;0;2;1;6;01 FF -> 06 FF;0023:007F;Room changing plane, One-Way Horizontal Plane, Switch Flag: 3F,;1560;1900;0;0;32768;0
4;False;0;3;6;8;06 FF -> 08 FF;0023:007F;Room changing plane, One-Way Horizontal Plane, Switch Flag: 3F,;1560;3800;0;0;32768;0
4;False;0;4;11;13;11 FF -> 13 FF;0023:007F;Room changing plane, One-Way Horizontal Plane, Switch Flag: 3F,;-1780;3800;0;0;32768;0
4;False;0;5;16;9;16 FF -> 09 FF;0009:009F;Door, Small Key Locked, Double Door: False, Switch Flag: 1F,;340;2940;190;0;16384;0
4;False;0;6;21;4;21 FF -> 04 FF;0009:0098;Door, Small Key Locked, Double Door: False, Switch Flag: 18,;3070;2060;0;0;16384;0
4;False;0;7;9;10;09 FF -> 10 FF;0009:003F;Door, Loads Rooms, Double Door: False, Message ID (+0200): 023F,;-560;2940;190;0;16384;0
4;False;0;8;11;10;11 FF -> 10 FF;0009:003F;Door, Loads Rooms, Double Door: False, Message ID (+0200): 023F,;-1780;2800;-330;0;0;0
4;False;0;9;10;11;10 FF -> 11 FF;0009:0099;Door, Small Key Locked, Double Door: False, Switch Flag: 19,;-1780;2800;330;0;0;0
4;False;0;10;12;13;12 FF -> 13 FF;0009:003F;Door, Loads Rooms, Double Door: False, Message ID (+0200): 023F,;-2370;4400;20;0;49152;0
4;False;0;11;24;12;24 FF -> 12 FF;0009:003F;Door, Loads Rooms, Double Door: False, Message ID (+0200): 023F,;-2698;4000;159;0;49152;0
4;False;0;12;1;19;01 FF -> 19 FF;0009:003F;Door, Loads Rooms, Double Door: False, Message ID (+0200): 023F,;1560;240;-1520;0;0;0
4;False;0;13;1;20;01 00 -> 20 FF;0009:003F;Door, Loads Rooms, Double Door: False, Message ID (+0200): 023F,;1560;100;-1560;0;0;0
4;False;0;14;1;21;01 FF -> 21 FF;0009:009E;Door, Small Key Locked, Double Door: False, Switch Flag: 1E,;2700;200;0;0;49152;0
4;False;0;15;1;22;01 FF -> 22 FF;0009:003F;Door, Loads Rooms, Double Door: False, Message ID (+0200): 023F,;1560;200;1580;0;32768;0
4;False;0;16;0;2;00 FF -> 02 FF;0009:003F;Door, Loads Rooms, Double Door: False, Message ID (+0200): 023F,;-420;200;0;0;16384;0
4;False;0;17;0;17;00 FF -> 17 FF;0009:003F;Door, Loads Rooms, Double Door: False, Message ID (+0200): 023F,;-280;0;140;0;0;0
4;False;0;18;5;23;05 FF -> 23 FF;0009:003F;Door, Loads Rooms, Double Door: False, Message ID (+0200): 023F,;1780;2800;-1500;0;0;0
4;False;0;19;6;16;06 FF -> 16 FF;0009:009A;Door, Small Key Locked, Double Door: False, Switch Flag: 1A,;1580;2800;330;0;32768;0
4;False;0;20;6;16;06 FF -> 16 FF;002E:00BC;Shutter Door, Front Switch Flag, Switch Flag: 3C,;1230;2800;60;0;16384;0
4;False;0;21;5;6;05 FF -> 06 FF;0009:009B;Door, Small Key Locked, Double Door: False, Switch Flag: 1B,;1550;2800;-330;0;32768;0
4;False;0;22;5;7;05 FF -> 07 FF;0009:003F;Door, Loads Rooms, Double Door: False, Message ID (+0200): 023F,;1580;4000;-590;0;32768;0
4;False;0;23;8;7;08 FF -> 07 FF;0009:003F;Door, Loads Rooms, Double Door: False, Message ID (+0200): 023F,;1580;4400;-590;0;0;0
4;False;0;24;10;11;10 FF -> 11 FF;002E:00BB;Shutter Door, Front Switch Flag, Switch Flag: 3B,;-1450;2980;0;0;16384;0
4;False;0;25;3;17;03 FF -> 17 FF;002E:007F;Shutter Door, Front Room Clear, Switch Flag: 3F,;-280;0;-900;0;32768;0
4;False;0;26;24;10;24 FF -> 10 FF;002E:007F;Shutter Door, Front Room Clear, Switch Flag: 3F,;-2669;2840;-151;0;57344;0
4;False;0;27;4;5;04 FF -> 05 FF;0009:003F;Door, Loads Rooms, Double Door: False, Message ID (+0200): 023F,;2580;2800;0;0;49152;0
4;False;0;28;5;16;05 FF -> 16 FF;0009:003F;Door, Loads Rooms, Double Door: False, Message ID (+0200): 023F,;1460;2940;-630;0;16384;0
4;False;0;29;3;18;03 FF -> 18 FF;002E:007F;Shutter Door, Front Room Clear, Switch Flag: 3F,;0;0;-1240;0;49152;0
4;False;0;30;14;10;14 FF -> 10 FF;002E:00BD;Shutter Door, Front Switch Flag, Switch Flag: 3D,;-1188;3680;-197;0;41142;0
4;False;0;31;13;14;13 FF -> 14 FF;0009:003F;Door, Loads Rooms, Double Door: False, Message ID (+0200): 023F,;-2322;4180;-765;0;57344;0
4;False;0;32;15;18;15 FF -> 18 FF;002E:007F;Shutter Door, Front Room Clear, Switch Flag: 3F,;238;0;-876;0;0;0
4;False;0;33;10;25;10 FF -> 25 FF;0009:003F;Door, Loads Rooms, Double Door: False, Message ID (+0200): 023F,;-1058;2800;-906;0;57344;0
4;False;0;34;0;15;00 FF -> 15 FF;0009:0097;Door, Small Key Locked, Double Door: False, Switch Flag: 17,;280;0;140;0;0;0
4;False;0;35;2;26;02 FF -> 26 FF;002E:0154;Shutter Door, Boss Door, Switch Flag: 14,;-1560;200;0;0;16384;0
4;False;0;36;0;1;00 FF -> 01 FF;0009:009D;Door, Small Key Locked, Double Door: False, Switch Flag: 1D,;420;200;0;0;49152;0
5;False;0;0;17;0;17 FF -> 00 FF;0023:01BF;Room changing plane, Two-Way Vertical Plane, no fade, Switch Flag: 3F,;660;0;0;0;0;0
5;False;0;1;0;4;00 FF -> 04 FF;0023:01BF;Room changing plane, Two-Way Vertical Plane, no fade, Switch Flag: 3F,;660;460;-360;0;0;0
5;False;0;2;20;0;20 FF -> 00 FF;0023:01BF;Room changing plane, Two-Way Vertical Plane, no fade, Switch Flag: 3F,;660;780;0;0;0;0
5;False;0;3;3;0;03 FF -> 00 FF;0023:01BF;Room changing plane, Two-Way Vertical Plane, no fade, Switch Flag: 3F,;-360;0;620;0;49152;0
5;False;0;4;0;20;00 FF -> 20 FF;0023:01BF;Room changing plane, Two-Way Vertical Plane, no fade, Switch Flag: 3F,;0;460;700;0;49152;0
5;False;0;5;1;2;01 FF -> 02 FF;0023:01BF;Room changing plane, Two-Way Vertical Plane, no fade, Switch Flag: 3F,;-180;-500;160;0;32768;0
5;False;0;6;8;21;08 FF -> 21 FF;0023:01BF;Room changing plane, Two-Way Vertical Plane, no fade, Switch Flag: 3F,;-1560;260;-2310;0;0;0
5;False;0;7;0;9;00 FF -> 09 FF;0023:01BF;Room changing plane, Two-Way Vertical Plane, no fade, Switch Flag: 3F,;-1140;-260;-430;0;0;0
5;False;0;8;0;5;00 FF -> 05 FF;0009:0085;Door, Small Key Locked, Double Door: False, Switch Flag: 05,;-840;780;-180;0;16384;0
5;False;0;9;0;12;00 FF -> 12 FF;0009:0081;Door, Small Key Locked, Double Door: False, Switch Flag: 01,;-180;0;-1790;0;0;0
5;False;0;10;5;6;05 FF -> 06 FF;0009:0082;Door, Small Key Locked, Double Door: False, Switch Flag: 02,;-2800;760;-180;0;16384;0
5;False;0;11;12;14;12 FF -> 14 FF;0009:003F;Door, Loads Rooms, Double Door: False, Message ID (+0200): 023F,;-180;0;-3170;0;0;0
5;False;0;12;15;14;15 FF -> 14 FF;002E:00BE;Shutter Door, Front Switch Flag, Switch Flag: 3E,;-680;120;-3670;0;49152;0
5;False;0;13;19;17;19 FF -> 17 FF;002E:007F;Shutter Door, Front Room Clear, Switch Flag: 3F,;1170;780;180;0;16384;0
5;False;0;14;0;1;00 FF -> 01 FF;0009:0086;Door, Small Key Locked, Double Door: False, Switch Flag: 06,;-180;80;20;0;0;0
5;False;0;15;0;1;00 FF -> 01 FF;002E:00B9;Shutter Door, Front Switch Flag, Switch Flag: 39,;-180;460;-380;0;32768;0
5;False;0;16;0;11;00 FF -> 11 FF;0009:003F;Door, Loads Rooms, Double Door: False, Message ID (+0200): 023F,;-180;820;-1240;0;0;0
5;False;0;17;0;10;00 FF -> 10 FF;0009:0095;Door, Small Key Locked, Double Door: False, Switch Flag: 15,;-840;460;-180;0;16384;0
5;False;0;18;13;6;13 FF -> 06 FF;002E:007F;Shutter Door, Front Room Clear, Switch Flag: 3F,;-3120;1060;-1660;0;32768;0
5;False;0;19;13;7;13 FF -> 07 FF;002E:007F;Shutter Door, Front Room Clear, Switch Flag: 3F,;-3120;1060;-3700;0;0;0
5;False;0;20;8;9;08 FF -> 09 FF;0009:003F;Door, Loads Rooms, Double Door: False, Message ID (+0200): 023F,;-1140;60;-1730;0;32768;0
5;False;0;21;12;16;12 FF -> 16 FF;0009:0089;Door, Small Key Locked, Double Door: False, Switch Flag: 09,;-1280;108;-2690;0;0;0
5;False;0;22;15;12;15 FF -> 12 FF;002E:00BE;Shutter Door, Front Switch Flag, Switch Flag: 3E,;-880;120;-2690;0;32768;0
5;False;0;23;17;18;17 FF -> 18 FF;002E:00B8;Shutter Door, Front Switch Flag, Switch Flag: 38,;1170;0;180;0;49152;0
5;False;0;24;0;10;00 FF -> 10 FF;002E:00BF;Shutter Door, Front Switch Flag, Switch Flag: 3F,;-840;860;290;0;16384;0
5;False;0;25;11;22;11 FF -> 22 FF;002E:0154;Shutter Door, Boss Door, Switch Flag: 14,;-180;1030;-2060;0;0;0
5;False;0;26;21;7;21 FF -> 07 FF;0023:00BF;Room changing plane, Two-Way Horizontal Plane, no fade, Switch Flag: 3F,;-3120;820;-4220;0;0;0
6;False;0;0;25;24;25 FF -> 24 FF;002E:003F;Shutter Door, Lifting, Switch Flag: 3F,;320;1733;-830;0;49152;0
6;False;0;1;25;26;25 FF -> 26 FF;002E:0093;Shutter Door, Front Switch Flag, Switch Flag: 13,;-200;1733;-830;0;16384;0
6;False;0;2;15;5;15 FF -> 05 FF;002E:008F;Shutter Door, Front Switch Flag, Switch Flag: 0F,;780;480;-850;0;16384;0
6;False;0;3;0;15;00 FF -> 15 FF;002E:02CD;Shutter Door, Small Key Locked, Switch Flag: 0D,;1060;0;-586;0;0;0
6;False;0;4;0;13;00 FF -> 13 FF;002E:008E;Shutter Door, Front Switch Flag, Switch Flag: 0E,;1372;30;-559;0;54613;0
6;False;0;5;0;14;00 FF -> 14 FF;002E:008E;Shutter Door, Front Switch Flag, Switch Flag: 0E,;748;30;-559;0;10923;0
6;False;0;6;20;11;20 FF -> 11 FF;002E:005A;Shutter Door, Front Room Clear, Switch Flag: 1A,;1320;1003;1474;0;16384;0
6;False;0;7;10;11;10 FF -> 11 FF;002E:0059;Shutter Door, Front Room Clear, Switch Flag: 19,;-1060;1003;1474;0;49152;0
6;False;0;8;8;9;08 FF -> 09 FF;002E:00A4;Shutter Door, Front Switch Flag, Switch Flag: 24,;-1700;843;470;0;32768;0
6;False;0;9;1;4;01 FF -> 04 FF;002E:02DE;Shutter Door, Small Key Locked, Switch Flag: 1E,;-1060;40;-1110;0;0;0
6;False;0;10;1;3;01 FF -> 03 FF;002E:007F;Shutter Door, Front Room Clear, Switch Flag: 3F,;-1372;30;-559;0;10923;0
6;False;0;11;1;2;01 FF -> 02 FF;002E:007F;Shutter Door, Front Room Clear, Switch Flag: 3F,;-748;30;-559;0;54613;0
6;False;0;12;24;22;24 FF -> 22 FF;002E:00B5;Shutter Door, Front Switch Flag, Switch Flag: 35,;680;1633;-910;0;0;0
6;False;0;13;23;24;23 FF -> 24 FF;002E:003F;Shutter Door, Lifting, Switch Flag: 3F,;680;1543;-447;0;0;0
6;False;0;14;17;23;17 FF -> 23 FF;002E:02DC;Shutter Door, Small Key Locked, Switch Flag: 1C,;1060;843;150;0;16384;0
6;False;0;15;18;21;18 FF -> 21 FF;002E:0096;Shutter Door, Front Switch Flag, Switch Flag: 16,;1890;843;-410;0;0;0
6;False;0;16;20;19;20 FF -> 19 FF;002E:005A;Shutter Door, Front Room Clear, Switch Flag: 1A,;1960;1003;1174;0;0;0
6;False;0;17;18;19;18 FF -> 19 FF;002E:00AF;Shutter Door, Front Switch Flag, Switch Flag: 2F,;1960;843;470;0;32768;0
6;False;0;18;17;18;17 FF -> 18 FF;002E:007F;Shutter Door, Front Room Clear, Switch Flag: 3F,;1700;843;150;0;49152;0
6;False;0;19;17;16;17 FF -> 16 FF;002E:007F;Shutter Door, Front Room Clear, Switch Flag: 3F,;1060;843;-210;0;16384;0
6;False;0;20;5;16;05 FF -> 16 FF;002E:02DB;Shutter Door, Small Key Locked, Switch Flag: 1B,;700;813;-570;0;32768;0
6;False;0;21;9;10;09 FF -> 10 FF;002E:02D5;Shutter Door, Small Key Locked, Switch Flag: 15,;-1700;1003;1174;0;32768;0
6;False;0;22;8;7;08 FF -> 07 FF;002E:00A4;Shutter Door, Front Switch Flag, Switch Flag: 24,;-940;843;-210;0;49152;0
6;False;0;23;5;6;05 FF -> 06 FF;002E:0087;Shutter Door, Front Switch Flag, Switch Flag: 07,;60;413;-650;0;32768;0
6;False;0;24;4;5;04 FF -> 05 FF;002E:00A3;Shutter Door, Front Switch Flag, Switch Flag: 23,;-660;480;-850;0;49152;0
6;False;0;25;5;7;05 FF -> 07 FF;002E:0088;Shutter Door, Front Switch Flag, Switch Flag: 08,;-580;813;-570;0;32768;0
6;False;0;26;27;3;27 FF -> 03 FF;002E:007F;Shutter Door, Front Room Clear, Switch Flag: 3F,;-1435;30;-1327;0;24576;0
6;False;0;27;27;2;27 FF -> 02 FF;002E:007F;Shutter Door, Front Room Clear, Switch Flag: 3F,;-819;30;-1462;0;40778;0
6;False;0;28;13;12;13 FF -> 12 FF;002E:0082;Shutter Door, Front Switch Flag, Switch Flag: 02,;1569;-130;-1603;0;0;0
6;False;0;29;1;0;01 FF -> 00 FF;0023:003F;Room changing plane, Two-Way Vertical Plane, Switch Flag: 3F,;-627;-50;-1;0;49152;0
6;False;0;30;5;28;05 FF -> 28 FF;002E:0154;Shutter Door, Boss Door, Switch Flag: 14,;60;1007;-1814;0;0;0
6;False;0;31;0;6;00 FF -> 06 FF;0023:00BF;Room changing plane, Two-Way Horizontal Plane, no fade, Switch Flag: 3F,;0;377;-61;0;32768;0
6;False;0;32;5;25;05 FF -> 25 FF;0023:00BF;Room changing plane, Two-Way Horizontal Plane, no fade, Switch Flag: 3F,;60;1488;-1090;0;32768;0
7;False;0;0;4;0;04 FF -> 00 FF;002E:007F;Shutter Door, Front Room Clear, Switch Flag: 3F,;-2054;-63;-405;0;49152;0
7;False;0;1;1;0;01 FF -> 00 FF;002E:007F;Shutter Door, Front Room Clear, Switch Flag: 3F,;-794;-63;-685;0;32768;0
7;False;0;2;0;2;00 FF -> 02 FF;0009:003F;Door, Loads Rooms, Double Door: False, Message ID (+0200): 023F,;-94;-63;-185;0;49152;0
7;False;0;3;21;3;21 FF -> 03 FF;0009:0099;Door, Small Key Locked, Double Door: False, Switch Flag: 19,;-2742;-1363;-236;0;32768;0
7;False;0;4;5;8;05 FF -> 08 FF;0009:0096;Door, Small Key Locked, Double Door: False, Switch Flag: 16,;3839;-543;55;0;49152;0
7;False;0;5;5;6;05 FF -> 06 FF;0009:003F;Door, Loads Rooms, Double Door: False, Message ID (+0200): 023F,;3358;-543;-426;0;0;0
7;False;0;6;7;5;07 FF -> 05 FF;002E:007F;Shutter Door, Front Room Clear, Switch Flag: 3F,;3358;-543;536;0;0;0
7;False;0;7;9;16;09 FF -> 16 FF;0009:003F;Door, Loads Rooms, Double Door: False, Message ID (+0200): 023F,;4678;-1143;2555;0;0;0
7;False;0;8;9;11;09 FF -> 11 FF;0009:0097;Door, Small Key Locked, Double Door: False, Switch Flag: 17,;2478;-1343;1474;0;0;0
7;False;0;9;11;18;11 FF -> 18 FF;0009:0098;Door, Small Key Locked, Double Door: False, Switch Flag: 18,;2478;-1203;794;0;0;0
7;False;0;10;11;14;11 FF -> 14 FF;002E:01C8;Shutter Door, Front Switch Flag, Back Room Clear, Switch Flag: 08,;1978;-1343;1084;0;16384;0
7;False;0;11;12;15;12 FF -> 15 FF;0009:003F;Door, Loads Rooms, Double Door: False, Message ID (+0200): 023F,;-5031;-1363;-1586;0;49152;0
7;False;0;12;13;15;13 FF -> 15 FF;0009:003F;Door, Loads Rooms, Double Door: False, Message ID (+0200): 023F,;-4306;-1363;-2311;0;32768;0
7;False;0;13;17;15;17 FF -> 15 FF;002E:007F;Shutter Door, Front Room Clear, Switch Flag: 3F,;-4306;-1363;-862;0;0;0
7;False;0;14;15;21;15 FF -> 21 FF;0009:003F;Door, Loads Rooms, Double Door: False, Message ID (+0200): 023F,;-3582;-1363;-1586;0;49152;0
7;False;0;15;20;18;20 FF -> 18 FF;002E:007F;Shutter Door, Front Room Clear, Switch Flag: 3F,;4388;-1363;-646;0;32768;0
7;False;0;16;19;18;19 FF -> 18 FF;002E:007F;Shutter Door, Front Room Clear, Switch Flag: 3F,;4728;-1363;-126;0;16384;0
7;False;0;17;20;21;20 FF -> 21 FF;0009:0095;Door, Small Key Locked, Double Door: False, Switch Flag: 15,;4388;-1363;-1406;0;0;0
7;False;0;18;9;10;09 FF -> 10 FF;0023:013F;Room changing plane, Two-Way Vertical Plane, no fade, Switch Flag: 3F,;1471;-1343;3615;0;32768;0
7;False;0;19;2;5;02 FF -> 05 FF;0023:013F;Room changing plane, Two-Way Vertical Plane, no fade, Switch Flag: 3F,;2276;-303;55;0;49152;0
7;False;0;20;9;8;09 FF -> 08 FF;0023:013F;Room changing plane, Two-Way Vertical Plane, no fade, Switch Flag: 3F,;4018;-983;1364;0;49152;0
7;False;0;21;3;22;03 FF -> 22 FF;002E:0154;Shutter Door, Boss Door, Switch Flag: 14,;-2742;-1363;844;0;32768;0
7;False;0;22;21;6;21 FF -> 06 FF;0023:00BF;Room changing plane, Two-Way Horizontal Plane, no fade, Switch Flag: 3F,;3983;-783;-1226;0;49152;0
8;False;0;0;1;0;01 FF -> 00 FF;002E:01DF;Shutter Door, Front Switch Flag, Back Room Clear, Switch Flag: 1F,;-890;0;-100;0;32768;0
8;False;0;1;0;3;00 FF -> 03 FF;0009:003F;Door, Loads Rooms, Double Door: False, Message ID (+0200): 023F,;870;0;-860;0;0;0
8;False;0;2;0;3;00 FF -> 03 FF;0009:009B;Door, Small Key Locked, Double Door: False, Switch Flag: 1B,;1140;0;-1420;0;32768;0
8;False;0;3;0;5;00 FF -> 05 FF;0009:009D;Door, Small Key Locked, Double Door: False, Switch Flag: 1D,;450;0;-900;0;0;0
8;False;0;4;0;6;00 FF -> 06 FF;0009:009C;Door, Small Key Locked, Double Door: False, Switch Flag: 1C,;-410;0;-900;0;0;0
8;False;0;5;2;0;02 FF -> 00 FF;0009:003F;Door, Loads Rooms, Double Door: False, Message ID (+0200): 023F,;-1570;0;-740;0;49152;0
8;False;0;6;4;0;04 FF -> 00 FF;002E:007F;Shutter Door, Front Room Clear, Switch Flag: 3F,;900;-20;210;0;16384;0
8;False;0;7;1;0;01 FF -> 00 FF;0023:00BF;Room changing plane, Two-Way Horizontal Plane, no fade, Switch Flag: 3F,;-310;-280;-540;0;0;0
8;False;0;8;1;0;01 FF -> 00 FF;0023:00BF;Room changing plane, Two-Way Horizontal Plane, no fade, Switch Flag: 3F,;-900;-280;-1500;0;0;0
8;False;0;9;1;0;01 FF -> 00 FF;0023:00BF;Room changing plane, Two-Way Horizontal Plane, no fade, Switch Flag: 3F,;0;-240;-740;0;0;0
8;False;0;10;1;5;01 FF -> 05 FF;0023:00BF;Room changing plane, Two-Way Horizontal Plane, no fade, Switch Flag: 3F,;370;-280;-1150;0;0;0
8;False;0;11;1;0;01 FF -> 00 FF;0023:00BF;Room changing plane, Two-Way Horizontal Plane, no fade, Switch Flag: 3F,;640;-280;-1520;0;0;0
8;False;0;12;1;3;01 FF -> 03 FF;0023:00BF;Room changing plane, Two-Way Horizontal Plane, no fade, Switch Flag: 3F,;1100;-280;-1240;0;49152;0
8;False;0;13;1;3;01 FF -> 03 FF;0023:00BF;Room changing plane, Two-Way Horizontal Plane, no fade, Switch Flag: 3F,;900;-280;-1100;0;49152;0
8;False;0;14;1;3;01 FF -> 03 FF;0023:00BF;Room changing plane, Two-Way Horizontal Plane, no fade, Switch Flag: 3F,;1040;-280;-900;0;49152;0
9;False;0;0;10;1;10 FF -> 01 FF;0023:013F;Room changing plane, Two-Way Vertical Plane, no fade, Switch Flag: 3F,;-666;155;1434;0;44965;0
9;False;0;1;8;3;08 FF -> 03 FF;0023:013F;Room changing plane, Two-Way Vertical Plane, no fade, Switch Flag: 3F,;902;172;-777;0;8010;0
9;False;0;2;3;2;03 FF -> 02 FF;0023:013F;Room changing plane, Two-Way Vertical Plane, no fade, Switch Flag: 3F,;50;20;258;0;17658;0
9;False;0;3;2;1;02 FF -> 01 FF;0023:013F;Room changing plane, Two-Way Vertical Plane, no fade, Switch Flag: 3F,;-117;6;604;0;49152;0
9;False;0;4;0;1;00 FF -> 01 FF;0023:013F;Room changing plane, Two-Way Vertical Plane, no fade, Switch Flag: 3F,;154;7;1899;0;16384;0
9;False;0;5;4;3;04 FF -> 03 FF;0023:013F;Room changing plane, Two-Way Vertical Plane, no fade, Switch Flag: 3F,;-251;9;-363;0;49152;0
9;False;0;6;5;4;05 FF -> 04 FF;0023:013F;Room changing plane, Two-Way Vertical Plane, no fade, Switch Flag: 3F,;-433;26;-963;0;40596;0
9;False;0;7;5;6;05 FF -> 06 FF;0023:013F;Room changing plane, Two-Way Vertical Plane, no fade, Switch Flag: 3F,;-1337;132;-81;0;40050;0
9;False;0;8;9;8;09 FF -> 08 FF;0023:013F;Room changing plane, Two-Way Vertical Plane, no fade, Switch Flag: 3F,;899;172;-1560;0;52611;0
9;False;0;9;11;3;11 FF -> 03 FF;0023:013F;Room changing plane, Two-Way Vertical Plane, no fade, Switch Flag: 3F,;764;-27;27;0;60075;0
9;False;0;10;10;7;10 FF -> 07 FF;002E:003F;Shutter Door, Lifting, Switch Flag: 3F,;-866;80;1216;0;8374;0
9;False;0;11;7;6;07 FF -> 06 FF;002E:0054;Shutter Door, Front Room Clear, Switch Flag: 14,;-1340;280;729;0;8192;0
9;True;0;0;10;10;10 FF -> 10 FF;0023:013F;Room changing plane, Two-Way Vertical Plane, no fade, Switch Flag: 3F,;-666;155;1434;0;44965;0
9;True;0;1;8;8;08 FF -> 08 FF;0023:013F;Room changing plane, Two-Way Vertical Plane, no fade, Switch Flag: 3F,;902;172;-777;0;8010;0
9;True;0;2;2;2;02 FF -> 02 FF;0023:013F;Room changing plane, Two-Way Vertical Plane, no fade, Switch Flag: 3F,;50;20;258;0;17658;0
9;True;0;3;2;2;02 FF -> 02 FF;0023:013F;Room changing plane, Two-Way Vertical Plane, no fade, Switch Flag: 3F,;-117;6;604;0;49152;0
9;True;0;4;0;0;00 FF -> 00 FF;0023:013F;Room changing plane, Two-Way Vertical Plane, no fade, Switch Flag: 3F,;154;7;1899;0;16384;0
9;True;0;5;4;4;04 FF -> 04 FF;0023:013F;Room changing plane, Two-Way Vertical Plane, no fade, Switch Flag: 3F,;-251;9;-363;0;49152;0
9;True;0;6;4;4;04 FF -> 04 FF;0023:013F;Room changing plane, Two-Way Vertical Plane, no fade, Switch Flag: 3F,;-433;26;-963;0;40596;0
9;True;0;7;6;6;06 FF -> 06 FF;0023:013F;Room changing plane, Two-Way Vertical Plane, no fade, Switch Flag: 3F,;-1337;132;-81;0;40050;0
9;True;0;8;8;8;08 FF -> 08 FF;0023:013F;Room changing plane, Two-Way Vertical Plane, no fade, Switch Flag: 3F,;899;172;-1560;0;52611;0
9;True;0;9;11;11;11 FF -> 11 FF;0023:013F;Room changing plane, Two-Way Vertical Plane, no fade, Switch Flag: 3F,;764;-27;27;0;60075;0
9;True;0;10;10;7;10 FF -> 07 FF;0009:003F;Door, Loads Rooms, Double Door: False, Message ID (+0200): 023F,;-866;80;1216;0;8374;0
9;True;0;11;7;6;07 FF -> 06 FF;0009:003F;Door, Loads Rooms, Double Door: False, Message ID (+0200): 023F,;-1340;280;729;0;8192;0
10;False;0;0;2;3;02 FF -> 03 03;002E:008A;Shutter Door, Front Switch Flag, Switch Flag: 0A,;0;300;506;0;32768;0
10;False;0;1;4;5;04 FF -> 05 05;002E:007F;Shutter Door, Front Room Clear, Switch Flag: 3F,;-506;560;0;0;16384;0
10;False;0;2;0;1;00 FF -> 01 01;002E:007F;Shutter Door, Front Room Clear, Switch Flag: 3F,;506;40;0;0;49152;0
10;False;0;3;0;7;00 FF -> 07 00;002E:007F;Shutter Door, Front Room Clear, Switch Flag: 3F,;-400;0;0;0;16384;0
10;False;0;4;2;1;02 FF -> 01 02;002E:008A;Shutter Door, Front Switch Flag, Switch Flag: 0A,;0;260;-400;0;0;0
10;False;0;5;4;3;04 FF -> 03 04;002E:007F;Shutter Door, Front Room Clear, Switch Flag: 3F,;400;520;0;0;49152;0
10;False;0;6;5;8;05 FF -> 08 FF;002E:0154;Shutter Door, Boss Door, Switch Flag: 14,;0;800;500;0;0;0
10;False;0;7;8;6;08 FF -> 06 06;002E:0154;Shutter Door, Boss Door, Switch Flag: 14,;500;800;0;0;49152;0
10;False;0;8;6;9;06 FF -> 09 FF;002E:0154;Shutter Door, Boss Door, Switch Flag: 14,;0;1520;500;0;0;0
11;False;0;0;8;6;08 FF -> 06 FF;0023:003F;Room changing plane, Two-Way Vertical Plane, Switch Flag: 3F,;800;-80;-1520;0;49152;0
11;False;0;1;1;2;01 FF -> 02 FF;002E:009F;Shutter Door, Front Switch Flag, Switch Flag: 1F,;-1580;-80;-620;0;0;0
11;False;0;2;2;3;02 FF -> 03 FF;002E:009C;Shutter Door, Front Switch Flag, Switch Flag: 1C,;-1579;160;-2167;0;0;0
11;False;0;3;3;10;03 FF -> 10 FF;002E:008F;Shutter Door, Front Switch Flag, Switch Flag: 0F,;-1577;159;-3497;0;0;0
11;False;0;4;0;8;00 FF -> 08 FF;002E:0025;Shutter Door, Lifting, Switch Flag: 25,;-60;-80;-1100;0;0;0
11;False;0;5;7;0;07 FF -> 00 FF;002E:003F;Shutter Door, Lifting, Switch Flag: 3F,;860;-80;-180;0;16384;0
11;False;0;6;0;1;00 FF -> 01 FF;002E:003F;Shutter Door, Lifting, Switch Flag: 3F,;-980;-80;-180;0;16384;0
11;False;0;7;4;3;04 FF -> 03 FF;002E:003F;Shutter Door, Lifting, Switch Flag: 3F,;-777;239;-2747;0;16384;0
11;False;0;8;5;4;05 FF -> 04 FF;002E:0099;Shutter Door, Front Switch Flag, Switch Flag: 19,;823;-81;-2748;0;16384;0
11;False;0;9;5;6;05 FF -> 06 FF;002E:004E;Shutter Door, Front Room Clear, Switch Flag: 0E,;1443;-81;-2408;0;32768;0
11;False;0;10;6;9;06 FF -> 09 FF;002E:008C;Shutter Door, Front Switch Flag, Switch Flag: 0C,;1922;-240;-1464;0;49152;0
11;False;0;11;7;6;07 FF -> 06 FF;002E:009E;Shutter Door, Front Switch Flag, Switch Flag: 1E,;1480;-79;-600;0;0;0
11;False;0;12;4;8;04 FF -> 08 FF;002E:0095;Shutter Door, Front Switch Flag, Switch Flag: 15,;-78;239;-2060;0;32768;0
11;False;0;13;8;8;08 FF -> 08 FF;002E:02C9;Shutter Door, Small Key Locked, Switch Flag: 09,;-540;-80;-1200;0;16384;0
11;False;0;14;8;8;08 FF -> 08 FF;002E:02C1;Shutter Door, Small Key Locked, Switch Flag: 01,;-220;-80;-1360;0;16384;0
11;False;0;15;8;8;08 FF -> 08 FF;002E:02CA;Shutter Door, Small Key Locked, Switch Flag: 0A,;100;-80;-1360;0;49152;0
11;False;0;16;8;8;08 FF -> 08 FF;002E:02C3;Shutter Door, Small Key Locked, Switch Flag: 03,;500;-80;-1280;0;0;0
11;False;0;17;8;8;08 FF -> 08 FF;002E:02C4;Shutter Door, Small Key Locked, Switch Flag: 04,;-300;-80;-1600;0;0;0
11;False;0;18;8;8;08 FF -> 08 FF;002E:02C5;Shutter Door, Small Key Locked, Switch Flag: 05,;-620;-80;-1920;0;0;0
11;False;0;19;8;8;08 FF -> 08 FF;002E:02C6;Shutter Door, Small Key Locked, Switch Flag: 06,;-60;-80;-1840;0;49152;0
11;False;0;20;8;8;08 FF -> 08 FF;002E:02C7;Shutter Door, Small Key Locked, Switch Flag: 07,;180;-80;-1920;0;32768;0
11;False;0;21;8;8;08 FF -> 08 FF;002E:02D7;Shutter Door, Small Key Locked, Switch Flag: 17,;100;-80;-1680;0;16384;0
13;False;0;0;1;16;01 FF -> 16 FF;0023:003F;Room changing plane, Two-Way Vertical Plane, Switch Flag: 3F,;0;-240;298;0;32768;0
13;False;0;1;10;11;10 FF -> 11 FF;0023:003F;Room changing plane, Two-Way Vertical Plane, Switch Flag: 3F,;-3639;-210;-840;0;16384;0
13;False;0;2;0;1;00 FF -> 01 FF;002E:003F;Shutter Door, Lifting, Switch Flag: 3F,;0;150;593;0;0;0
13;False;0;3;9;9;09 FF -> 09 FF;002E:02DE;Shutter Door, Small Key Locked, Switch Flag: 1E,;-1919;-240;-840;0;16384;0
13;False;0;4;2;3;02 FF -> 03 FF;002E:0072;Shutter Door, Front Room Clear, Switch Flag: 32,;2352;-250;-840;0;49152;0
13;False;0;5;8;10;08 FF -> 10 FF;002E:0092;Shutter Door, Front Switch Flag, Switch Flag: 12,;-2919;-240;-840;0;16384;0
13;False;0;6;5;6;05 FF -> 06 FF;002E:0090;Shutter Door, Front Switch Flag, Switch Flag: 10,;1159;110;1167;0;38229;0
13;False;0;7;6;7;06 FF -> 07 FF;002E:008E;Shutter Door, Front Switch Flag, Switch Flag: 0E,;1779;110;2241;0;38229;0
13;False;0;8;5;1;05 FF -> 01 FF;002E:003F;Shutter Door, Lifting, Switch Flag: 3F,;616;150;227;0;5461;0
13;False;0;9;1;2;01 FF -> 02 FF;002E:003F;Shutter Door, Lifting, Switch Flag: 3F,;1232;-240;-840;0;49152;0
13;False;0;10;9;1;09 FF -> 01 FF;002E:003F;Shutter Door, Lifting, Switch Flag: 3F,;-1319;-240;-840;0;49152;0
13;False;0;11;14;1;14 FF -> 01 FF;002E:003F;Shutter Door, Lifting, Switch Flag: 3F,;-616;150;-1907;0;38229;0
13;False;0;12;1;12;01 FF -> 12 FF;002E:003F;Shutter Door, Lifting, Switch Flag: 3F,;616;150;-1907;0;60075;0
13;False;0;13;3;4;03 FF -> 04 FF;002E:009C;Shutter Door, Front Switch Flag, Switch Flag: 1C,;3492;-240;-840;0;49152;0
13;False;0;14;12;13;12 FF -> 13 FF;002E:009B;Shutter Door, Front Switch Flag, Switch Flag: 1B,;2116;210;-4505;0;60075;0
13;False;0;15;14;15;14 FF -> 15 FF;002E:0089;Shutter Door, Front Switch Flag, Switch Flag: 09,;-1952;153;-3861;0;5461;0
13;False;0;16;17;1;17 FF -> 01 FF;002E:003F;Shutter Door, Lifting, Switch Flag: 3F,;-616;150;227;0;60075;0
13;False;0;17;17;18;17 FF -> 18 FF;002E:008B;Shutter Door, Front Switch Flag, Switch Flag: 0B,;-1253;150;691;0;10923;0
13;False;0;18;18;19;18 FF -> 19 FF;002E:0099;Shutter Door, Front Switch Flag, Switch Flag: 19,;-1296;150;1405;0;27307;0
13;False;0;19;9;8;09 FF -> 08 FF;002E:02DD;Shutter Door, Small Key Locked, Switch Flag: 1D,;-2257;-240;-840;0;16384;0
13;False;0;20;18;18;18 FF -> 18 FF;002E:009A;Shutter Door, Front Switch Flag, Switch Flag: 1A,;-1645;150;690;0;27307;0
14;False;0;0;0;3;00 FF -> 03 FF;0023:003F;Room changing plane, Two-Way Vertical Plane, Switch Flag: 3F,;0;0;-599;0;0;0
15;False;0;0;0;1;00 FF -> 01 FF;0023:003F;Room changing plane, Two-Way Vertical Plane, Switch Flag: 3F,;1412;196;-840;0;49152;0
16;False;0;0;0;1;00 00 -> 01 01;002E:02E0;Shutter Door, Small Key Locked, Switch Flag: 20,;10;0;-20;0;0;0
16;False;0;1;1;2;01 01 -> 02 02;002E:02E1;Shutter Door, Small Key Locked, Switch Flag: 21,;10;0;-460;0;0;0
16;False;0;2;2;3;02 02 -> 03 03;002E:02E2;Shutter Door, Small Key Locked, Switch Flag: 22,;10;0;-900;0;0;0
16;False;0;3;3;4;03 03 -> 04 04;002E:02E3;Shutter Door, Small Key Locked, Switch Flag: 23,;10;0;-1340;0;0;0
16;False;0;4;5;6;05 04 -> 06 05;002E:02E4;Shutter Door, Small Key Locked, Switch Flag: 24,;10;0;-2220;0;0;0
16;False;0;5;4;5;04 05 -> 05 06;002E:02E5;Shutter Door, Small Key Locked, Switch Flag: 25,;10;0;-1780;0;0;0
16;False;0;6;0;0;00 00 -> 00 FF;0009:01BF;Door, Doesn't Load Rooms, Double Door: False, Message ID (+0200): 023F,;-30;0;260;0;0;0
17;False;0;0;1;0;01 FF -> 00 FF;002E:003F;Shutter Door, Lifting, Switch Flag: 3F,;344;-640;831;0;36955;0
18;False;0;0;0;1;00 FF -> 01 FF;002E:00BF;Shutter Door, Front Switch Flag, Switch Flag: 3F,;-360;-744;-2784;0;16384;0
19;False;0;0;0;1;00 FF -> 01 FF;002E:003F;Shutter Door, Lifting, Switch Flag: 3F,;0;80;805;0;0;0
20;False;0;0;0;1;00 FF -> 01 FF;002E:0154;Shutter Door, Boss Door, Switch Flag: 14,;-514;-193;-3017;0;54613;0
21;False;0;0;0;1;00 FF -> 01 FF;002E:0154;Shutter Door, Boss Door, Switch Flag: 14,;1100;200;0;0;16384;0
22;False;0;0;0;1;00 FF -> 01 FF;002E:0154;Shutter Door, Boss Door, Switch Flag: 14,;700;0;0;0;16384;0
23;False;0;0;0;1;00 FF -> 01 FF;002E:0154;Shutter Door, Boss Door, Switch Flag: 14,;-1694;0;1694;0;57344;0
23;False;0;1;1;2;01 FF -> 02 FF;002E:0085;Shutter Door, Front Switch Flag, Switch Flag: 05,;-1100;0;1100;0;57344;0
23;False;0;2;3;2;03 FF -> 02 FF;002E:00FF;Shutter Door, Back permanently locked, Switch Flag: 3F,;-677;0;677;0;24576;0
23;True;0;0;1;0;01 FF -> 00 FF;002E:017F;Shutter Door, Boss Door, Switch Flag: 3F,;-1694;0;1694;0;24576;0
23;True;0;1;2;1;02 FF -> 01 FF;002E:00FF;Shutter Door, Back permanently locked, Switch Flag: 3F,;-1100;0;1100;0;24576;0
23;True;0;2;3;2;03 FF -> 02 FF;002E:00FF;Shutter Door, Back permanently locked, Switch Flag: 3F,;-677;0;677;0;24576;0
23;True;1;0;1;0;01 FF -> 00 FF;002E:017F;Shutter Door, Boss Door, Switch Flag: 3F,;-1694;0;1694;0;24576;0
23;True;1;1;2;1;02 FF -> 01 FF;002E:00FF;Shutter Door, Back permanently locked, Switch Flag: 3F,;-1100;0;1100;0;24576;0
23;True;1;2;3;2;03 FF -> 02 FF;002E:00FF;Shutter Door, Back permanently locked, Switch Flag: 3F,;-677;0;677;0;24576;0
23;True;2;0;0;1;00 FF -> 01 FF;002E:0154;Shutter Door, Boss Door, Switch Flag: 14,;-1694;0;1694;0;57344;0
23;True;2;1;1;2;01 FF -> 02 FF;002E:003F;Shutter Door, Lifting, Switch Flag: 3F,;-1100;0;1100;0;57344;0
23;True;2;2;2;3;02 FF -> 03 FF;002E:003F;Shutter Door, Lifting, Switch Flag: 3F,;-677;0;677;0;57344;0
24;False;0;0;0;1;00 FF -> 01 FF;002E:0154;Shutter Door, Boss Door, Switch Flag: 14,;-50;1680;-297;0;32768;0
25;False;0;0;0;0;00 FF -> 00 FF;002E:0154;Shutter Door, Boss Door, Switch Flag: 14,;0;0;500;0;0;0
27;False;0;0;0;0;00 FF -> 00 FF;0009:01BF;Door, Doesn't Load Rooms, Double Door: False, Message ID (+0200): 023F,;187;0;2630;0;49152;0
28;False;0;0;0;0;00 FF -> 00 FF;0009:01BF;Door, Doesn't Load Rooms, Double Door: False, Message ID (+0200): 023F,;187;0;2630;0;49152;0
29;False;0;0;0;0;00 FF -> 00 FF;0009:01BF;Door, Doesn't Load Rooms, Double Door: False, Message ID (+0200): 023F,;187;0;2630;0;49152;0
30;False;0;0;0;0;00 FF -> 00 FF;0009:01BF;Door, Doesn't Load Rooms, Double Door: False, Message ID (+0200): 023F,;620;0;927;0;32768;0
30;False;0;1;0;0;00 FF -> 00 FF;0009:0281;Door, Talking Door, Double Door: False, Message ID (+0200): 0201,;-666;0;980;0;16384;0
30;False;0;2;0;0;00 FF -> 00 FF;0009:0281;Door, Talking Door, Double Door: False, Message ID (+0200): 0201,;666;0;740;0;49152;0
31;False;0;0;0;0;00 FF -> 00 FF;0009:01BF;Door, Doesn't Load Rooms, Double Door: False, Message ID (+0200): 023F,;620;0;927;0;32768;0
31;False;0;1;0;0;00 FF -> 00 FF;0009:01BF;Door, Doesn't Load Rooms, Double Door: False, Message ID (+0200): 023F,;-666;0;980;0;16384;0
31;False;0;2;0;0;00 FF -> 00 FF;0009:01BF;Door, Doesn't Load Rooms, Double Door: False, Message ID (+0200): 023F,;666;0;740;0;49152;0
32;False;0;0;0;0;00 FF -> 00 FF;0009:028D;Door, Talking Door, Double Door: False, Message ID (+0200): 020D,;-482;0;615;0;32768;0
32;False;0;1;0;0;00 FF -> 00 FF;0009:01BF;Door, Doesn't Load Rooms, Double Door: False, Message ID (+0200): 023F,;534;0;-120;0;49152;0
32;False;0;2;0;0;00 FF -> 00 FF;0009:01BF;Door, Doesn't Load Rooms, Double Door: False, Message ID (+0200): 023F,;-240;0;-616;0;0;0
32;False;0;3;0;0;00 FF -> 00 FF;0009:01BF;Door, Doesn't Load Rooms, Double Door: False, Message ID (+0200): 023F,;320;0;-579;0;0;0
32;False;0;4;0;0;00 FF -> 00 FF;0009:01BF;Door, Doesn't Load Rooms, Double Door: False, Message ID (+0200): 023F,;534;0;220;0;49152;0
32;False;0;5;0;0;00 FF -> 00 FF;0009:01BF;Door, Doesn't Load Rooms, Double Door: False, Message ID (+0200): 023F,;-480;0;0;0;16384;0
33;False;0;0;0;0;00 FF -> 00 FF;0009:01BF;Door, Doesn't Load Rooms, Double Door: False, Message ID (+0200): 023F,;-482;0;615;0;32768;0
33;False;0;1;0;0;00 FF -> 00 FF;0009:028E;Door, Talking Door, Double Door: False, Message ID (+0200): 020E,;534;0;-120;0;49152;0
33;False;0;2;0;0;00 FF -> 00 FF;0009:028F;Door, Talking Door, Double Door: False, Message ID (+0200): 020F,;-240;0;-616;0;0;0
33;False;0;3;0;0;00 FF -> 00 FF;0009:0290;Door, Talking Door, Double Door: False, Message ID (+0200): 0210,;320;0;-579;0;0;0
33;False;0;4;0;0;00 FF -> 00 FF;0009:0291;Door, Talking Door, Double Door: False, Message ID (+0200): 0211,;534;0;220;0;49152;0
33;False;0;5;0;0;00 FF -> 00 FF;0009:01BF;Door, Doesn't Load Rooms, Double Door: False, Message ID (+0200): 023F,;-480;0;0;0;16384;0
42;False;0;0;0;0;00 FF -> 00 FF;0009:01BF;Door, Doesn't Load Rooms, Double Door: False, Message ID (+0200): 023F,;100;0;210;0;0;0
43;False;0;0;0;0;00 FF -> 00 FF;0009:01BF;Door, Doesn't Load Rooms, Double Door: False, Message ID (+0200): 023F,;-100;0;170;0;0;0
53;False;0;0;0;0;00 FF -> 00 FF;0009:01BF;Door, Doesn't Load Rooms, Double Door: False, Message ID (+0200): 023F,;100;0;210;0;0;0
54;False;0;0;0;0;00 FF -> 00 00;0009:01BF;Door, Doesn't Load Rooms, Double Door: False, Message ID (+0200): 023F,;190;0;230;0;16384;0
55;False;0;0;0;0;00 FF -> 00 FF;0009:01BF;Door, Doesn't Load Rooms, Double Door: False, Message ID (+0200): 023F,;90;0;308;0;0;0
56;False;0;0;0;0;00 FF -> 00 FF;0009:01BF;Door, Doesn't Load Rooms, Double Door: False, Message ID (+0200): 023F,;-10;0;340;0;0;0
58;False;0;0;0;0;00 FF -> 00 FF;0009:01BF;Door, Doesn't Load Rooms, Double Door: False, Message ID (+0200): 023F,;60;0;62;0;0;0
65;False;0;0;1;2;01 FF -> 02 FF;0023:003F;Room changing plane, Two-Way Vertical Plane, Switch Flag: 3F,;0;0;-420;0;0;0
65;False;0;1;0;1;00 FF -> 01 00;002E:0041;Shutter Door, Front Room Clear, Switch Flag: 01,;0;120;1100;0;0;0
65;True;0;0;0;1;00 FF -> 01 FF;0023:003F;Room changing plane, Two-Way Vertical Plane, Switch Flag: 3F,;0;60;943;0;0;0
65;True;0;1;1;2;01 FF -> 02 FF;0023:003F;Room changing plane, Two-Way Vertical Plane, Switch Flag: 3F,;0;0;-420;0;0;0
65;True;1;0;0;1;00 FF -> 01 FF;0023:003F;Room changing plane, Two-Way Vertical Plane, Switch Flag: 3F,;0;60;943;0;0;0
65;True;1;1;1;2;01 FF -> 02 FF;0023:003F;Room changing plane, Two-Way Vertical Plane, Switch Flag: 3F,;0;0;-420;0;0;0
66;False;0;0;0;0;00 FF -> 00 FF;0009:01BF;Door, Doesn't Load Rooms, Double Door: False, Message ID (+0200): 023F,;-10;0;420;0;0;0
66;True;0;0;0;0;00 FF -> 00 FF;0009:01BF;Door, Doesn't Load Rooms, Double Door: False, Message ID (+0200): 023F,;-10;0;420;0;0;0
66;True;1;0;0;0;00 FF -> 00 FF;0009:01BF;Door, Doesn't Load Rooms, Double Door: False, Message ID (+0200): 023F,;-10;0;420;0;0;0
66;True;2;0;0;0;00 FF -> 00 FF;0009:01BF;Door, Doesn't Load Rooms, Double Door: False, Message ID (+0200): 023F,;-10;0;420;0;0;0
67;False;0;0;1;0;01 FF -> 00 FF;0023:013F;Room changing plane, Two-Way Vertical Plane, no fade, Switch Flag: 3F,;0;0;920;0;0;0
67;True;0;0;1;0;01 FF -> 00 FF;0023:013F;Room changing plane, Two-Way Vertical Plane, no fade, Switch Flag: 3F,;0;0;920;0;0;0
67;True;1;0;1;0;01 FF -> 00 FF;0023:013F;Room changing plane, Two-Way Vertical Plane, no fade, Switch Flag: 3F,;0;0;920;0;0;0
67;True;2;0;1;0;01 FF -> 00 FF;0023:013F;Room changing plane, Two-Way Vertical Plane, no fade, Switch Flag: 3F,;0;0;920;0;0;0
67;True;3;0;1;0;01 FF -> 00 FF;0023:013F;Room changing plane, Two-Way Vertical Plane, no fade, Switch Flag: 3F,;0;0;920;0;0;0
67;True;4;0;1;0;01 FF -> 00 FF;0023:013F;Room changing plane, Two-Way Vertical Plane, no fade, Switch Flag: 3F,;0;0;920;0;0;0
67;True;5;0;1;0;01 FF -> 00 FF;0023:013F;Room changing plane, Two-Way Vertical Plane, no fade, Switch Flag: 3F,;0;0;920;0;0;0
67;True;6;0;1;0;01 FF -> 00 FF;0023:013F;Room changing plane, Two-Way Vertical Plane, no fade, Switch Flag: 3F,;0;0;920;0;0;0
67;True;7;0;1;0;01 FF -> 00 FF;0023:013F;Room changing plane, Two-Way Vertical Plane, no fade, Switch Flag: 3F,;0;0;920;0;0;0
67;True;8;0;1;0;01 FF -> 00 FF;0023:013F;Room changing plane, Two-Way Vertical Plane, no fade, Switch Flag: 3F,;0;0;920;0;0;0
67;True;9;0;1;0;01 FF -> 00 FF;0023:013F;Room changing plane, Two-Way Vertical Plane, no fade, Switch Flag: 3F,;0;0;920;0;0;0
67;True;10;0;1;0;01 FF -> 00 FF;0023:013F;Room changing plane, Two-Way Vertical Plane, no fade, Switch Flag: 3F,;0;0;920;0;0;0
72;False;0;0;0;1;00 FF -> 01 FF;0023:013F;Room changing plane, Two-Way Vertical Plane, no fade, Switch Flag: 3F,;180;-530;-2950;0;49152;0
72;False;0;1;5;6;05 FF -> 06 FF;0023:013F;Room changing plane, Two-Way Vertical Plane, no fade, Switch Flag: 3F,;2892;-210;-692;0;32768;0
72;False;0;2;6;6;06 FF -> 06 FF;0009:01BF;Door, Doesn't Load Rooms, Double Door: False, Message ID (+0200): 023F,;2892;-150;372;0;32768;0
72;False;0;3;1;2;01 FF -> 02 FF;0023:00F5;Room changing plane, Vertical Plane, enabled on switch flag, fades black when approached, Switch Flag: 35,;210;-570;-5200;0;0;0
72;False;0;4;2;3;02 FF -> 03 FF;0023:00F6;Room changing plane, Vertical Plane, enabled on switch flag, fades black when approached, Switch Flag: 36,;2010;-730;-4210;0;32768;0
72;False;0;5;3;4;03 FF -> 04 FF;0023:00F7;Room changing plane, Vertical Plane, enabled on switch flag, fades black when approached, Switch Flag: 37,;2894;-410;-1892;0;32768;0
72;False;0;6;4;5;04 FF -> 05 FF;0023:00F4;Room changing plane, Vertical Plane, enabled on switch flag, fades black when approached, Switch Flag: 34,;2892;-410;-1272;0;32768;0
73;False;0;0;0;0;00 FF -> 00 FF;0009:01BF;Door, Doesn't Load Rooms, Double Door: False, Message ID (+0200): 023F,;1;0;1419;0;0;0
75;False;0;0;0;0;00 FF -> 00 FF;0009:01BF;Door, Doesn't Load Rooms, Double Door: False, Message ID (+0200): 023F,;0;0;420;0;0;0
76;False;0;0;0;0;00 FF -> 00 FF;0009:01BF;Door, Doesn't Load Rooms, Double Door: False, Message ID (+0200): 023F,;-110;0;220;0;0;0
76;False;0;1;1;1;01 FF -> 01 FF;0009:01BF;Door, Doesn't Load Rooms, Double Door: False, Message ID (+0200): 023F,;981;0;220;0;0;0
76;False;0;2;1;2;01 FF -> 02 FF;0009:003F;Door, Loads Rooms, Double Door: False, Message ID (+0200): 023F,;1220;140;150;0;49152;0
77;False;0;0;0;0;00 FF -> 00 FF;0009:01BF;Door, Doesn't Load Rooms, Double Door: False, Message ID (+0200): 023F,;-10;0;260;0;0;0
77;False;2;0;0;0;00 FF -> 00 FF;0009:01BF;Door, Doesn't Load Rooms, Double Door: False, Message ID (+0200): 023F,;-10;0;260;0;0;0
78;False;0;0;0;0;00 FF -> 00 FF;0009:01BF;Door, Doesn't Load Rooms, Double Door: False, Message ID (+0200): 023F,;-10;0;420;0;0;0
80;False;0;0;0;0;00 FF -> 00 FF;0009:01BF;Door, Doesn't Load Rooms, Double Door: False, Message ID (+0200): 023F,;0;0;549;0;0;0
82;False;0;0;0;0;00 FF -> 00 FF;0009:01BF;Door, Doesn't Load Rooms, Double Door: False, Message ID (+0200): 023F,;1220;260;524;0;49152;0
82;False;0;1;0;0;00 FF -> 00 FF;0009:01BF;Door, Doesn't Load Rooms, Double Door: False, Message ID (+0200): 023F,;-339;240;1700;0;49152;0
82;False;0;2;0;0;00 FF -> 00 FF;0009:01BF;Door, Doesn't Load Rooms, Double Door: False, Message ID (+0200): 023F,;-16;0;224;0;49152;0
82;False;0;3;0;0;00 FF -> 00 FF;0009:02A6;Door, Talking Door, Double Door: False, Message ID (+0200): 0226,;744;200;24;0;16384;0
82;False;0;4;0;0;00 FF -> 00 FF;0009:01BF;Door, Doesn't Load Rooms, Double Door: False, Message ID (+0200): 023F,;324;160;820;0;32768;0
82;False;0;5;0;0;00 FF -> 00 FF;0009:01BF;Door, Doesn't Load Rooms, Double Door: False, Message ID (+0200): 023F,;-320;80;1020;0;16384;0
82;False;0;6;0;0;00 FF -> 00 FF;0009:029D;Door, Talking Door, Double Door: False, Message ID (+0200): 021D,;-223;320;-664;0;12197;0
82;False;0;7;0;0;00 FF -> 00 FF;0009:01BF;Door, Doesn't Load Rooms, Double Door: False, Message ID (+0200): 023F,;150;320;-554;0;45329;0
82;False;0;8;0;0;00 FF -> 00 FF;0009:02A7;Door, Talking Door, Double Door: False, Message ID (+0200): 0227,;559;320;-602;0;12561;0
82;False;1;0;0;0;00 FF -> 00 FF;0009:01BF;Door, Doesn't Load Rooms, Double Door: False, Message ID (+0200): 023F,;1220;260;524;0;49152;0
82;False;1;1;0;0;00 FF -> 00 FF;0009:01BF;Door, Doesn't Load Rooms, Double Door: False, Message ID (+0200): 023F,;-339;240;1700;0;49152;0
82;False;1;2;0;0;00 FF -> 00 FF;0009:01BF;Door, Doesn't Load Rooms, Double Door: False, Message ID (+0200): 023F,;-16;0;224;0;49152;0
82;False;1;3;0;0;00 FF -> 00 FF;0009:02A6;Door, Talking Door, Double Door: False, Message ID (+0200): 0226,;744;200;24;0;16384;0
82;False;1;4;0;0;00 FF -> 00 FF;0009:01BF;Door, Doesn't Load Rooms, Double Door: False, Message ID (+0200): 023F,;324;160;820;0;32768;0
82;False;1;5;0;0;00 FF -> 00 FF;0009:01BF;Door, Doesn't Load Rooms, Double Door: False, Message ID (+0200): 023F,;-320;80;1020;0;16384;0
82;False;1;6;0;0;00 FF -> 00 FF;0009:029E;Door, Talking Door, Double Door: False, Message ID (+0200): 021E,;-223;320;-664;0;12197;0
82;False;1;7;0;0;00 FF -> 00 FF;0009:01BF;Door, Doesn't Load Rooms, Double Door: False, Message ID (+0200): 023F,;150;320;-554;0;45329;0
82;False;1;8;0;0;00 FF -> 00 FF;0009:02A7;Door, Talking Door, Double Door: False, Message ID (+0200): 0227,;559;320;-602;0;12561;0
82;False;2;0;0;0;00 FF -> 00 FF;0009:01BF;Door, Doesn't Load Rooms, Double Door: False, Message ID (+0200): 023F,;1220;260;524;0;49152;0
82;False;2;1;0;0;00 FF -> 00 FF;0009:01BF;Door, Doesn't Load Rooms, Double Door: False, Message ID (+0200): 023F,;-339;240;1700;0;49152;0
82;False;2;2;0;0;00 FF -> 00 FF;0009:01BF;Door, Doesn't Load Rooms, Double Door: False, Message ID (+0200): 023F,;-16;0;224;0;49152;0
82;False;2;3;0;0;00 FF -> 00 FF;0009:01BF;Door, Doesn't Load Rooms, Double Door: False, Message ID (+0200): 023F,;744;200;24;0;16384;0
82;False;2;4;0;0;00 FF -> 00 FF;0009:01BF;Door, Doesn't Load Rooms, Double Door: False, Message ID (+0200): 023F,;324;160;820;0;32768;0
82;False;2;5;0;0;00 FF -> 00 FF;0009:01BF;Door, Doesn't Load Rooms, Double Door: False, Message ID (+0200): 023F,;-320;80;1020;0;16384;0
82;False;2;6;0;0;00 FF -> 00 FF;0009:01BF;Door, Doesn't Load Rooms, Double Door: False, Message ID (+0200): 023F,;-223;320;-664;0;12197;0
82;False;2;7;0;0;00 FF -> 00 FF;0009:01BF;Door, Doesn't Load Rooms, Double Door: False, Message ID (+0200): 023F,;150;320;-554;0;45329;0
82;False;2;8;0;0;00 FF -> 00 FF;0009:01BF;Door, Doesn't Load Rooms, Double Door: False, Message ID (+0200): 023F,;559;320;-602;0;12561;0
82;False;3;0;0;0;00 FF -> 00 FF;0009:01BF;Door, Doesn't Load Rooms, Double Door: False, Message ID (+0200): 023F,;1220;260;524;0;49152;0
82;False;3;1;0;0;00 FF -> 00 FF;0009:01BF;Door, Doesn't Load Rooms, Double Door: False, Message ID (+0200): 023F,;-339;240;1700;0;49152;0
82;False;3;2;0;0;00 FF -> 00 FF;0009:01BF;Door, Doesn't Load Rooms, Double Door: False, Message ID (+0200): 023F,;-16;0;224;0;49152;0
82;False;3;3;0;0;00 FF -> 00 FF;0009:01BF;Door, Doesn't Load Rooms, Double Door: False, Message ID (+0200): 023F,;744;200;24;0;16384;0
82;False;3;4;0;0;00 FF -> 00 FF;0009:028F;Door, Talking Door, Double Door: False, Message ID (+0200): 020F,;324;160;820;0;32768;0
82;False;3;5;0;0;00 FF -> 00 FF;0009:01BF;Door, Doesn't Load Rooms, Double Door: False, Message ID (+0200): 023F,;-320;80;1020;0;16384;0
82;False;3;6;0;0;00 FF -> 00 FF;0009:0291;Door, Talking Door, Double Door: False, Message ID (+0200): 0211,;-223;320;-664;0;12197;0
82;False;3;7;0;0;00 FF -> 00 FF;0009:028E;Door, Talking Door, Double Door: False, Message ID (+0200): 020E,;150;320;-554;0;45329;0
82;False;3;8;0;0;00 FF -> 00 FF;0009:028E;Door, Talking Door, Double Door: False, Message ID (+0200): 020E,;559;320;-602;0;12561;0
82;True;0;0;0;0;00 FF -> 00 FF;0009:01BF;Door, Doesn't Load Rooms, Double Door: False, Message ID (+0200): 023F,;1220;260;524;0;49152;0
82;True;0;1;0;0;00 FF -> 00 FF;0009:01BF;Door, Doesn't Load Rooms, Double Door: False, Message ID (+0200): 023F,;-339;240;1700;0;49152;0
82;True;0;2;0;0;00 FF -> 00 FF;0009:01BF;Door, Doesn't Load Rooms, Double Door: False, Message ID (+0200): 023F,;-16;0;224;0;49152;0
82;True;0;3;0;0;00 FF -> 00 FF;0009:01BF;Door, Doesn't Load Rooms, Double Door: False, Message ID (+0200): 023F,;744;200;24;0;16384;0
82;True;0;4;0;0;00 FF -> 00 FF;0009:01BF;Door, Doesn't Load Rooms, Double Door: False, Message ID (+0200): 023F,;324;160;820;0;32768;0
82;True;0;5;0;0;00 FF -> 00 FF;0009:01BF;Door, Doesn't Load Rooms, Double Door: False, Message ID (+0200): 023F,;-320;80;1020;0;16384;0
82;True;0;6;0;0;00 FF -> 00 FF;0009:01BF;Door, Doesn't Load Rooms, Double Door: False, Message ID (+0200): 023F,;-223;320;-664;0;12197;0
82;True;0;7;0;0;00 FF -> 00 FF;0009:01BF;Door, Doesn't Load Rooms, Double Door: False, Message ID (+0200): 023F,;150;320;-554;0;45329;0
82;True;0;8;0;0;00 FF -> 00 FF;0009:01BF;Door, Doesn't Load Rooms, Double Door: False, Message ID (+0200): 023F,;559;320;-602;0;12561;0
82;True;1;0;0;0;00 FF -> 00 FF;0009:01BF;Door, Doesn't Load Rooms, Double Door: False, Message ID (+0200): 023F,;1220;260;524;0;49152;0
82;True;1;1;0;0;00 FF -> 00 FF;0009:01BF;Door, Doesn't Load Rooms, Double Door: False, Message ID (+0200): 023F,;-339;240;1700;0;49152;0
82;True;1;2;0;0;00 FF -> 00 FF;0009:01BF;Door, Doesn't Load Rooms, Double Door: False, Message ID (+0200): 023F,;-16;0;224;0;49152;0
82;True;1;3;0;0;00 FF -> 00 FF;0009:01BF;Door, Doesn't Load Rooms, Double Door: False, Message ID (+0200): 023F,;744;200;24;0;16384;0
82;True;1;4;0;0;00 FF -> 00 FF;0009:01BF;Door, Doesn't Load Rooms, Double Door: False, Message ID (+0200): 023F,;324;160;820;0;32768;0
82;True;1;5;0;0;00 FF -> 00 FF;0009:01BF;Door, Doesn't Load Rooms, Double Door: False, Message ID (+0200): 023F,;-320;80;1020;0;16384;0
82;True;1;6;0;0;00 FF -> 00 FF;0009:01BF;Door, Doesn't Load Rooms, Double Door: False, Message ID (+0200): 023F,;-223;320;-664;0;12197;0
82;True;1;7;0;0;00 FF -> 00 FF;0009:01BF;Door, Doesn't Load Rooms, Double Door: False, Message ID (+0200): 023F,;150;320;-554;0;45329;0
82;True;1;8;0;0;00 FF -> 00 FF;0009:01BF;Door, Doesn't Load Rooms, Double Door: False, Message ID (+0200): 023F,;559;320;-602;0;12561;0
82;True;2;0;0;0;00 FF -> 00 FF;0009:01BF;Door, Doesn't Load Rooms, Double Door: False, Message ID (+0200): 023F,;1220;260;524;0;49152;0
82;True;2;1;0;0;00 FF -> 00 FF;0009:01BF;Door, Doesn't Load Rooms, Double Door: False, Message ID (+0200): 023F,;-339;240;1700;0;49152;0
82;True;2;2;0;0;00 FF -> 00 FF;0009:01BF;Door, Doesn't Load Rooms, Double Door: False, Message ID (+0200): 023F,;-16;0;224;0;49152;0
82;True;2;3;0;0;00 FF -> 00 FF;0009:01BF;Door, Doesn't Load Rooms, Double Door: False, Message ID (+0200): 023F,;744;200;24;0;16384;0
82;True;2;4;0;0;00 FF -> 00 FF;0009:01BF;Door, Doesn't Load Rooms, Double Door: False, Message ID (+0200): 023F,;324;160;820;0;32768;0
82;True;2;5;0;0;00 FF -> 00 FF;0009:01BF;Door, Doesn't Load Rooms, Double Door: False, Message ID (+0200): 023F,;-320;80;1020;0;16384;0
82;True;2;6;0;0;00 FF -> 00 FF;0009:01BF;Door, Doesn't Load Rooms, Double Door: False, Message ID (+0200): 023F,;-223;320;-664;0;12197;0
82;True;2;7;0;0;00 FF -> 00 FF;0009:01BF;Door, Doesn't Load Rooms, Double Door: False, Message ID (+0200): 023F,;150;320;-554;0;45329;0
82;True;2;8;0;0;00 FF -> 00 FF;0009:01BF;Door, Doesn't Load Rooms, Double Door: False, Message ID (+0200): 023F,;559;320;-602;0;12561;0
82;True;3;0;0;0;00 FF -> 00 FF;0009:01BF;Door, Doesn't Load Rooms, Double Door: False, Message ID (+0200): 023F,;1220;260;524;0;49152;0
82;True;3;1;0;0;00 FF -> 00 FF;0009:01BF;Door, Doesn't Load Rooms, Double Door: False, Message ID (+0200): 023F,;-339;240;1700;0;49152;0
82;True;3;2;0;0;00 FF -> 00 FF;0009:01BF;Door, Doesn't Load Rooms, Double Door: False, Message ID (+0200): 023F,;-16;0;224;0;49152;0
82;True;3;3;0;0;00 FF -> 00 FF;0009:01BF;Door, Doesn't Load Rooms, Double Door: False, Message ID (+0200): 023F,;744;200;24;0;16384;0
82;True;3;4;0;0;00 FF -> 00 FF;0009:01BF;Door, Doesn't Load Rooms, Double Door: False, Message ID (+0200): 023F,;324;160;820;0;32768;0
82;True;3;5;0;0;00 FF -> 00 FF;0009:01BF;Door, Doesn't Load Rooms, Double Door: False, Message ID (+0200): 023F,;-320;80;1020;0;16384;0
82;True;3;6;0;0;00 FF -> 00 FF;0009:01BF;Door, Doesn't Load Rooms, Double Door: False, Message ID (+0200): 023F,;-223;320;-664;0;12197;0
82;True;3;7;0;0;00 FF -> 00 FF;0009:01BF;Door, Doesn't Load Rooms, Double Door: False, Message ID (+0200): 023F,;150;320;-554;0;45329;0
82;True;3;8;0;0;00 FF -> 00 FF;0009:01BF;Door, Doesn't Load Rooms, Double Door: False, Message ID (+0200): 023F,;559;320;-602;0;12561;0
82;True;4;0;0;0;00 FF -> 00 FF;0009:01BF;Door, Doesn't Load Rooms, Double Door: False, Message ID (+0200): 023F,;1220;260;524;0;49152;0
82;True;4;1;0;0;00 FF -> 00 FF;0009:01BF;Door, Doesn't Load Rooms, Double Door: False, Message ID (+0200): 023F,;-339;240;1700;0;49152;0
82;True;4;2;0;0;00 FF -> 00 FF;0009:01BF;Door, Doesn't Load Rooms, Double Door: False, Message ID (+0200): 023F,;-16;0;224;0;49152;0
82;True;4;3;0;0;00 FF -> 00 FF;0009:01BF;Door, Doesn't Load Rooms, Double Door: False, Message ID (+0200): 023F,;744;200;24;0;16384;0
82;True;4;4;0;0;00 FF -> 00 FF;0009:01BF;Door, Doesn't Load Rooms, Double Door: False, Message ID (+0200): 023F,;324;160;820;0;32768;0
82;True;4;5;0;0;00 FF -> 00 FF;0009:01BF;Door, Doesn't Load Rooms, Double Door: False, Message ID (+0200): 023F,;-320;80;1020;0;16384;0
82;True;4;6;0;0;00 FF -> 00 FF;0009:01BF;Door, Doesn't Load Rooms, Double Door: False, Message ID (+0200): 023F,;-223;320;-664;0;12197;0
82;True;4;7;0;0;00 FF -> 00 FF;0009:01BF;Door, Doesn't Load Rooms, Double Door: False, Message ID (+0200): 023F,;150;320;-554;0;45329;0
82;True;4;8;0;0;00 FF -> 00 FF;0009:01BF;Door, Doesn't Load Rooms, Double Door: False, Message ID (+0200): 023F,;559;320;-602;0;12561;0
83;False;0;0;1;1;01 FF -> 01 FF;0009:0285;Door, Talking Door, Double Door: False, Message ID (+0200): 0205,;-820;0;599;0;16384;0
83;False;0;1;0;1;00 FF -> 01 FF;0023:013F;Room changing plane, Two-Way Vertical Plane, no fade, Switch Flag: 3F,;1519;239;93;0;16384;0
83;False;1;0;1;1;01 FF -> 01 FF;0009:0306;Door, Time Locked Wooden Door, Double Door: False, Message ID (+0200): 0206,;-820;0;599;0;16384;0
83;False;1;1;0;1;00 FF -> 01 FF;0023:013F;Room changing plane, Two-Way Vertical Plane, no fade, Switch Flag: 3F,;1519;239;93;0;16384;0
83;False;2;0;1;1;01 FF -> 01 FF;0009:01BF;Door, Doesn't Load Rooms, Double Door: False, Message ID (+0200): 023F,;-820;0;599;0;16384;0
83;False;2;1;0;1;00 FF -> 01 FF;0023:013F;Room changing plane, Two-Way Vertical Plane, no fade, Switch Flag: 3F,;1519;239;93;0;16384;0
83;False;3;0;1;1;01 FF -> 01 FF;0009:01BF;Door, Doesn't Load Rooms, Double Door: False, Message ID (+0200): 023F,;-820;0;599;0;16384;0
83;False;3;1;0;1;00 FF -> 01 FF;0023:013F;Room changing plane, Two-Way Vertical Plane, no fade, Switch Flag: 3F,;1519;239;93;0;16384;0
83;True;0;0;1;1;01 FF -> 01 FF;0009:01BF;Door, Doesn't Load Rooms, Double Door: False, Message ID (+0200): 023F,;-820;0;599;0;16384;0
83;True;0;1;0;0;00 FF -> 00 FF;0023:013F;Room changing plane, Two-Way Vertical Plane, no fade, Switch Flag: 3F,;1519;239;93;0;16384;0
83;True;1;0;1;1;01 FF -> 01 FF;0009:01BF;Door, Doesn't Load Rooms, Double Door: False, Message ID (+0200): 023F,;-820;0;599;0;16384;0
83;True;1;1;0;0;00 FF -> 00 FF;0023:013F;Room changing plane, Two-Way Vertical Plane, no fade, Switch Flag: 3F,;1519;239;93;0;16384;0
84;False;0;0;0;1;00 FF -> 01 FF;0023:013F;Room changing plane, Two-Way Vertical Plane, no fade, Switch Flag: 3F,;2914;500;-1072;0;0;0
84;False;2;0;0;1;00 FF -> 01 FF;0023:013F;Room changing plane, Two-Way Vertical Plane, no fade, Switch Flag: 3F,;2914;500;-1072;0;0;0
85;False;0;0;2;0;02 FF -> 00 FF;0023:013F;Room changing plane, Two-Way Vertical Plane, no fade, Switch Flag: 3F,;-785;120;1219;0;0;0
85;False;0;1;0;1;00 FF -> 01 FF;0023:013F;Room changing plane, Two-Way Vertical Plane, no fade, Switch Flag: 3F,;2160;-1;-148;0;0;0
85;False;2;0;2;0;02 FF -> 00 FF;0023:013F;Room changing plane, Two-Way Vertical Plane, no fade, Switch Flag: 3F,;-785;120;1219;0;0;0
85;False;2;1;0;1;00 FF -> 01 FF;0023:013F;Room changing plane, Two-Way Vertical Plane, no fade, Switch Flag: 3F,;2160;-1;-148;0;0;0
85;False;3;0;2;0;02 FF -> 00 FF;0023:013F;Room changing plane, Two-Way Vertical Plane, no fade, Switch Flag: 3F,;-785;120;1219;0;0;0
85;False;3;1;0;1;00 FF -> 01 FF;0023:013F;Room changing plane, Two-Way Vertical Plane, no fade, Switch Flag: 3F,;2160;-1;-148;0;0;0
85;True;0;0;2;2;02 FF -> 02 FF;0023:013F;Room changing plane, Two-Way Vertical Plane, no fade, Switch Flag: 3F,;-785;120;1219;0;0;0
85;True;0;1;0;1;00 FF -> 01 FF;0023:013F;Room changing plane, Two-Way Vertical Plane, no fade, Switch Flag: 3F,;2160;-1;-148;0;0;0
85;True;1;0;2;2;02 FF -> 02 FF;0023:013F;Room changing plane, Two-Way Vertical Plane, no fade, Switch Flag: 3F,;-785;120;1219;0;0;0
85;True;1;1;0;1;00 FF -> 01 FF;0023:013F;Room changing plane, Two-Way Vertical Plane, no fade, Switch Flag: 3F,;2160;-1;-148;0;0;0
85;True;2;0;2;2;02 FF -> 02 FF;0023:013F;Room changing plane, Two-Way Vertical Plane, no fade, Switch Flag: 3F,;-785;120;1219;0;0;0
85;True;2;1;0;1;00 FF -> 01 FF;0023:013F;Room changing plane, Two-Way Vertical Plane, no fade, Switch Flag: 3F,;2160;-1;-148;0;0;0
85;True;3;0;2;2;02 FF -> 02 FF;0023:013F;Room changing plane, Two-Way Vertical Plane, no fade, Switch Flag: 3F,;-785;120;1219;0;0;0
85;True;3;1;0;1;00 FF -> 01 FF;0023:013F;Room changing plane, Two-Way Vertical Plane, no fade, Switch Flag: 3F,;2160;-1;-148;0;0;0
85;True;4;0;2;2;02 FF -> 02 FF;0023:013F;Room changing plane, Two-Way Vertical Plane, no fade, Switch Flag: 3F,;-785;120;1159;0;32768;0
85;True;4;1;2;2;02 FF -> 02 FF;0023:013F;Room changing plane, Two-Way Vertical Plane, no fade, Switch Flag: 3F,;-785;120;1279;0;0;0
85;True;4;2;0;1;00 FF -> 01 FF;0023:013F;Room changing plane, Two-Way Vertical Plane, no fade, Switch Flag: 3F,;2160;-1;-148;0;0;0
85;True;5;0;2;2;02 FF -> 02 FF;0023:013F;Room changing plane, Two-Way Vertical Plane, no fade, Switch Flag: 3F,;-785;120;1159;0;32768;0
85;True;5;1;2;2;02 FF -> 02 FF;0023:013F;Room changing plane, Two-Way Vertical Plane, no fade, Switch Flag: 3F,;-785;120;1279;0;0;0
85;True;5;2;0;1;00 FF -> 01 FF;0023:013F;Room changing plane, Two-Way Vertical Plane, no fade, Switch Flag: 3F,;2160;-1;-148;0;0;0
85;True;6;0;2;2;02 FF -> 02 FF;0023:013F;Room changing plane, Two-Way Vertical Plane, no fade, Switch Flag: 3F,;-785;120;1219;0;0;0
85;True;6;1;0;1;00 FF -> 01 FF;0023:013F;Room changing plane, Two-Way Vertical Plane, no fade, Switch Flag: 3F,;2160;-1;-148;0;0;0
85;True;7;0;2;2;02 FF -> 02 FF;0023:013F;Room changing plane, Two-Way Vertical Plane, no fade, Switch Flag: 3F,;-785;120;1219;0;0;0
85;True;7;1;0;1;00 FF -> 01 FF;0023:013F;Room changing plane, Two-Way Vertical Plane, no fade, Switch Flag: 3F,;2160;-1;-148;0;0;0
85;True;8;0;2;2;02 FF -> 02 FF;0023:013F;Room changing plane, Two-Way Vertical Plane, no fade, Switch Flag: 3F,;-785;120;1219;0;0;0
85;True;8;1;0;1;00 FF -> 01 FF;0023:013F;Room changing plane, Two-Way Vertical Plane, no fade, Switch Flag: 3F,;2160;-1;-148;0;0;0
85;True;9;0;2;2;02 FF -> 02 FF;0023:013F;Room changing plane, Two-Way Vertical Plane, no fade, Switch Flag: 3F,;-785;120;1159;0;32768;0
85;True;9;1;2;2;02 FF -> 02 FF;0023:013F;Room changing plane, Two-Way Vertical Plane, no fade, Switch Flag: 3F,;-785;120;1279;0;0;0
85;True;9;2;0;1;00 FF -> 01 FF;0023:013F;Room changing plane, Two-Way Vertical Plane, no fade, Switch Flag: 3F,;2160;-1;-148;0;0;0
87;False;0;0;0;0;00 FF -> 00 FF;0009:01BF;Door, Doesn't Load Rooms, Double Door: False, Message ID (+0200): 023F,;-2465;-1033;3857;0;16384;0
87;False;0;1;0;0;00 FF -> 00 FF;0009:01BF;Door, Doesn't Load Rooms, Double Door: False, Message ID (+0200): 023F,;1359;-1218;3871;0;49152;0
87;False;2;0;0;0;00 FF -> 00 FF;0009:01BF;Door, Doesn't Load Rooms, Double Door: False, Message ID (+0200): 023F,;-2465;-1033;3857;0;16384;0
87;False;2;1;0;0;00 FF -> 00 FF;0009:01BF;Door, Doesn't Load Rooms, Double Door: False, Message ID (+0200): 023F,;1359;-1218;3871;0;49152;0
87;True;0;0;0;0;00 FF -> 00 FF;0009:01BF;Door, Doesn't Load Rooms, Double Door: False, Message ID (+0200): 023F,;-2465;-1033;3857;0;16384;0
87;True;0;1;0;0;00 FF -> 00 FF;0009:01BF;Door, Doesn't Load Rooms, Double Door: False, Message ID (+0200): 023F,;1359;-1218;3871;0;49152;0
87;True;1;0;0;0;00 FF -> 00 FF;0009:01BF;Door, Doesn't Load Rooms, Double Door: False, Message ID (+0200): 023F,;-2465;-1033;3857;0;16384;0
87;True;1;1;0;0;00 FF -> 00 FF;0009:01BF;Door, Doesn't Load Rooms, Double Door: False, Message ID (+0200): 023F,;1359;-1218;3871;0;49152;0
88;False;0;0;1;0;01 FF -> 00 FF;0023:013F;Room changing plane, Two-Way Vertical Plane, no fade, Switch Flag: 3F,;-195;857;-1350;0;0;0
88;False;0;1;1;0;01 FF -> 00 FF;0023:013F;Room changing plane, Two-Way Vertical Plane, no fade, Switch Flag: 3F,;625;619;-689;0;0;0
88;False;2;0;1;0;01 FF -> 00 FF;0023:013F;Room changing plane, Two-Way Vertical Plane, no fade, Switch Flag: 3F,;-195;857;-1350;0;0;0
88;False;2;1;1;0;01 FF -> 00 FF;0023:013F;Room changing plane, Two-Way Vertical Plane, no fade, Switch Flag: 3F,;625;619;-689;0;0;0
88;True;0;0;1;0;01 FF -> 00 FF;0023:013F;Room changing plane, Two-Way Vertical Plane, no fade, Switch Flag: 3F,;-195;857;-1350;0;0;0
88;True;0;1;1;0;01 FF -> 00 FF;0023:013F;Room changing plane, Two-Way Vertical Plane, no fade, Switch Flag: 3F,;625;619;-689;0;0;0
91;False;0;0;3;4;03 FF -> 04 FF;0023:003F;Room changing plane, Two-Way Vertical Plane, Switch Flag: 3F,;1600;0;-1200;0;0;0
91;False;0;1;2;3;02 FF -> 03 FF;0023:003F;Room changing plane, Two-Way Vertical Plane, Switch Flag: 3F,;1200;0;-800;0;49152;0
91;False;0;2;1;2;01 FF -> 02 FF;0023:003F;Room changing plane, Two-Way Vertical Plane, Switch Flag: 3F,;800;0;-400;0;0;0
91;False;0;3;0;1;00 FF -> 01 FF;0023:003F;Room changing plane, Two-Way Vertical Plane, Switch Flag: 3F,;400;0;0;0;49152;0
91;False;0;4;0;9;00 FF -> 09 FF;0023:003F;Room changing plane, Two-Way Vertical Plane, Switch Flag: 3F,;-400;0;0;0;16384;0
91;False;0;5;4;6;04 FF -> 06 FF;0023:003F;Room changing plane, Two-Way Vertical Plane, Switch Flag: 3F,;1200;0;-1600;0;16384;0
91;False;0;6;9;5;09 FF -> 05 FF;0023:003F;Room changing plane, Two-Way Vertical Plane, Switch Flag: 3F,;-1200;0;600;0;32768;0
91;False;0;7;4;7;04 FF -> 07 FF;0023:003F;Room changing plane, Two-Way Vertical Plane, Switch Flag: 3F,;1600;0;-2000;0;0;0
91;False;0;8;7;8;07 FF -> 08 FF;0023:003F;Room changing plane, Two-Way Vertical Plane, Switch Flag: 3F,;1200;0;-2400;0;16384;0
91;False;2;0;3;4;03 FF -> 04 FF;0023:003F;Room changing plane, Two-Way Vertical Plane, Switch Flag: 3F,;1600;0;-1200;0;0;0
91;False;2;1;2;3;02 FF -> 03 FF;0023:003F;Room changing plane, Two-Way Vertical Plane, Switch Flag: 3F,;1200;0;-800;0;49152;0
91;False;2;2;1;2;01 FF -> 02 FF;0023:003F;Room changing plane, Two-Way Vertical Plane, Switch Flag: 3F,;800;0;-400;0;0;0
91;False;2;3;0;1;00 FF -> 01 FF;0023:003F;Room changing plane, Two-Way Vertical Plane, Switch Flag: 3F,;400;0;0;0;49152;0
91;False;2;4;0;9;00 FF -> 09 FF;0023:003F;Room changing plane, Two-Way Vertical Plane, Switch Flag: 3F,;-400;0;0;0;16384;0
91;False;2;5;4;6;04 FF -> 06 FF;0023:003F;Room changing plane, Two-Way Vertical Plane, Switch Flag: 3F,;1200;0;-1600;0;16384;0
91;False;2;6;9;5;09 FF -> 05 FF;0023:003F;Room changing plane, Two-Way Vertical Plane, Switch Flag: 3F,;-1200;0;600;0;32768;0
91;False;2;7;4;7;04 FF -> 07 FF;0023:003F;Room changing plane, Two-Way Vertical Plane, Switch Flag: 3F,;1600;0;-2000;0;0;0
91;False;2;8;7;8;07 FF -> 08 FF;0023:003F;Room changing plane, Two-Way Vertical Plane, Switch Flag: 3F,;1200;0;-2400;0;16384;0
91;True;0;0;3;4;03 FF -> 04 FF;0023:003F;Room changing plane, Two-Way Vertical Plane, Switch Flag: 3F,;1600;0;-1200;0;0;0
91;True;0;1;2;3;02 FF -> 03 FF;0023:003F;Room changing plane, Two-Way Vertical Plane, Switch Flag: 3F,;1200;0;-800;0;49152;0
91;True;0;2;1;2;01 FF -> 02 FF;0023:003F;Room changing plane, Two-Way Vertical Plane, Switch Flag: 3F,;800;0;-400;0;0;0
91;True;0;3;0;1;00 FF -> 01 FF;0023:003F;Room changing plane, Two-Way Vertical Plane, Switch Flag: 3F,;400;0;0;0;49152;0
91;True;0;4;0;9;00 FF -> 09 FF;0023:003F;Room changing plane, Two-Way Vertical Plane, Switch Flag: 3F,;-400;0;0;0;16384;0
91;True;0;5;4;6;04 FF -> 06 FF;0023:003F;Room changing plane, Two-Way Vertical Plane, Switch Flag: 3F,;1200;0;-1600;0;16384;0
91;True;0;6;9;5;09 FF -> 05 FF;0023:003F;Room changing plane, Two-Way Vertical Plane, Switch Flag: 3F,;-1200;0;600;0;32768;0
91;True;0;7;4;7;04 FF -> 07 FF;0023:003F;Room changing plane, Two-Way Vertical Plane, Switch Flag: 3F,;1600;0;-2000;0;0;0
91;True;0;8;7;8;07 FF -> 08 FF;0023:003F;Room changing plane, Two-Way Vertical Plane, Switch Flag: 3F,;1200;0;-2400;0;16384;0
93;False;0;0;0;1;00 FF -> 01 FF;0023:013F;Room changing plane, Two-Way Vertical Plane, no fade, Switch Flag: 3F,;1514;833;-447;0;49152;0
93;False;2;0;0;1;00 FF -> 01 FF;0023:013F;Room changing plane, Two-Way Vertical Plane, no fade, Switch Flag: 3F,;1514;833;-447;0;49152;0
93;False;3;0;0;1;00 FF -> 01 FF;0023:013F;Room changing plane, Two-Way Vertical Plane, no fade, Switch Flag: 3F,;1514;833;-447;0;49152;0
93;True;0;0;0;1;00 FF -> 01 FF;0023:013F;Room changing plane, Two-Way Vertical Plane, no fade, Switch Flag: 3F,;1514;833;-447;0;49152;0
93;True;1;0;0;1;00 FF -> 01 FF;0023:013F;Room changing plane, Two-Way Vertical Plane, no fade, Switch Flag: 3F,;1514;833;-447;0;49152;0
93;True;2;0;0;1;00 FF -> 01 FF;0023:013F;Room changing plane, Two-Way Vertical Plane, no fade, Switch Flag: 3F,;1514;833;-447;0;49152;0
94;False;0;0;0;1;00 FF -> 01 FF;0023:017F;Room changing plane, Two-Way Horizontal Plane, fades black when approached, Switch Flag: 3F,;646;-120;-2116;0;0;0
95;False;0;0;0;0;00 FF -> 00 FF;0009:003F;Door, Loads Rooms, Double Door: False, Message ID (+0200): 023F,;1212;1128;3059;0;32768;0
97;False;0;0;1;0;01 FF -> 00 FF;0023:013F;Room changing plane, Two-Way Vertical Plane, no fade, Switch Flag: 3F,;13;515;-1375;0;0;0
97;False;2;0;1;0;01 FF -> 00 FF;0023:013F;Room changing plane, Two-Way Vertical Plane, no fade, Switch Flag: 3F,;13;515;-1375;0;0;0
97;True;0;0;1;0;01 FF -> 00 FF;0023:013F;Room changing plane, Two-Way Vertical Plane, no fade, Switch Flag: 3F,;13;515;-1375;0;0;0
97;True;1;0;1;0;01 FF -> 00 FF;0023:013F;Room changing plane, Two-Way Vertical Plane, no fade, Switch Flag: 3F,;13;515;-1375;0;0;0
98;False;0;0;3;2;03 FF -> 02 FF;0023:013F;Room changing plane, Two-Way Vertical Plane, no fade, Switch Flag: 3F,;-332;375;935;0;31676;0
98;False;0;1;0;3;00 FF -> 03 FF;0023:013F;Room changing plane, Two-Way Vertical Plane, no fade, Switch Flag: 3F,;-1058;600;-178;0;49152;0
98;False;0;2;1;3;01 FF -> 03 FF;0023:003F;Room changing plane, Two-Way Vertical Plane, Switch Flag: 3F,;-69;31;-589;0;32768;0
98;False;2;0;3;2;03 FF -> 02 FF;0023:013F;Room changing plane, Two-Way Vertical Plane, no fade, Switch Flag: 3F,;-332;375;935;0;31676;0
98;False;2;1;0;3;00 FF -> 03 FF;0023:013F;Room changing plane, Two-Way Vertical Plane, no fade, Switch Flag: 3F,;-1058;600;-178;0;49152;0
98;False;2;2;1;3;01 FF -> 03 FF;0023:003F;Room changing plane, Two-Way Vertical Plane, Switch Flag: 3F,;-69;31;-589;0;32768;0
98;True;0;0;3;2;03 FF -> 02 FF;0023:013F;Room changing plane, Two-Way Vertical Plane, no fade, Switch Flag: 3F,;-332;375;935;0;31676;0
98;True;0;1;0;3;00 FF -> 03 FF;0023:013F;Room changing plane, Two-Way Vertical Plane, no fade, Switch Flag: 3F,;-1058;600;-178;0;49152;0
98;True;0;2;1;3;01 FF -> 03 FF;0023:003F;Room changing plane, Two-Way Vertical Plane, Switch Flag: 3F,;-69;31;-589;0;32768;0
98;True;1;0;3;2;03 FF -> 02 FF;0023:013F;Room changing plane, Two-Way Vertical Plane, no fade, Switch Flag: 3F,;-332;375;935;0;31676;0
98;True;1;1;0;3;00 FF -> 03 FF;0023:013F;Room changing plane, Two-Way Vertical Plane, no fade, Switch Flag: 3F,;-1058;600;-178;0;49152;0
98;True;1;2;1;3;01 FF -> 03 FF;0023:003F;Room changing plane, Two-Way Vertical Plane, Switch Flag: 3F,;-69;31;-589;0;32768;0
99;False;0;0;0;0;00 FF -> 00 FF;0009:01BF;Door, Doesn't Load Rooms, Double Door: False, Message ID (+0200): 023F,;-1540;0;1490;0;16384;0
99;False;0;1;0;0;00 FF -> 00 FF;0009:01BF;Door, Doesn't Load Rooms, Double Door: False, Message ID (+0200): 023F,;730;0;-2860;0;32768;0
99;False;0;2;0;0;00 FF -> 00 FF;0009:01BF;Door, Doesn't Load Rooms, Double Door: False, Message ID (+0200): 023F,;1020;0;-3100;0;49152;0
99;False;1;0;0;0;00 FF -> 00 FF;0009:01BF;Door, Doesn't Load Rooms, Double Door: False, Message ID (+0200): 023F,;-1540;0;1490;0;16384;0
99;False;1;1;0;0;00 FF -> 00 FF;0009:01BF;Door, Doesn't Load Rooms, Double Door: False, Message ID (+0200): 023F,;730;0;-2860;0;32768;0
99;False;1;2;0;0;00 FF -> 00 FF;0009:02A9;Door, Talking Door, Double Door: False, Message ID (+0200): 0229,;1020;0;-3100;0;49152;0
99;False;2;0;0;0;00 FF -> 00 FF;0009:01BF;Door, Doesn't Load Rooms, Double Door: False, Message ID (+0200): 023F,;-1540;0;1490;0;16384;0
99;False;2;1;0;0;00 FF -> 00 FF;0009:01BF;Door, Doesn't Load Rooms, Double Door: False, Message ID (+0200): 023F,;730;0;-2860;0;32768;0
99;False;2;2;0;0;00 FF -> 00 FF;0009:01BF;Door, Doesn't Load Rooms, Double Door: False, Message ID (+0200): 023F,;1020;0;-3100;0;49152;0
99;False;3;0;0;0;00 FF -> 00 FF;0009:01BF;Door, Doesn't Load Rooms, Double Door: False, Message ID (+0200): 023F,;-1540;0;1490;0;16384;0
99;False;3;1;0;0;00 FF -> 00 FF;0009:01BF;Door, Doesn't Load Rooms, Double Door: False, Message ID (+0200): 023F,;730;0;-2860;0;32768;0
99;False;3;2;0;0;00 FF -> 00 FF;0009:01BF;Door, Doesn't Load Rooms, Double Door: False, Message ID (+0200): 023F,;1020;0;-3100;0;49152;0
99;True;0;0;0;0;00 FF -> 00 FF;0009:0281;Door, Talking Door, Double Door: False, Message ID (+0200): 0201,;-1540;0;1490;0;16384;0
99;True;0;1;0;0;00 FF -> 00 FF;0009:0281;Door, Talking Door, Double Door: False, Message ID (+0200): 0201,;730;0;-2860;0;32768;0
99;True;0;2;0;0;00 FF -> 00 FF;0009:0281;Door, Talking Door, Double Door: False, Message ID (+0200): 0201,;1020;0;-3100;0;49152;0
99;True;1;0;0;255;00 FF -> 255 FF;0009:01BF;Door, Doesn't Load Rooms, Double Door: False, Message ID (+0200): 023F,;730;0;-2860;0;32768;0
99;True;1;1;0;255;00 FF -> 255 FF;0009:01BF;Door, Doesn't Load Rooms, Double Door: False, Message ID (+0200): 023F,;1020;0;-3100;0;49152;0
99;True;2;0;0;0;00 FF -> 00 FF;0009:01BF;Door, Doesn't Load Rooms, Double Door: False, Message ID (+0200): 023F,;-1540;0;1490;0;16384;0
99;True;2;1;0;0;00 FF -> 00 FF;0009:01BF;Door, Doesn't Load Rooms, Double Door: False, Message ID (+0200): 023F,;730;0;-2860;0;32768;0
99;True;2;2;0;0;00 FF -> 00 FF;0009:01BF;Door, Doesn't Load Rooms, Double Door: False, Message ID (+0200): 023F,;1020;0;-3100;0;49152;0
99;True;3;0;0;0;00 FF -> 00 FF;0009:01BF;Door, Doesn't Load Rooms, Double Door: False, Message ID (+0200): 023F,;-1540;0;1490;0;16384;0
99;True;3;1;0;0;00 FF -> 00 FF;0009:01BF;Door, Doesn't Load Rooms, Double Door: False, Message ID (+0200): 023F,;730;0;-2860;0;32768;0
99;True;3;2;0;0;00 FF -> 00 FF;0009:01BF;Door, Doesn't Load Rooms, Double Door: False, Message ID (+0200): 023F,;1020;0;-3100;0;49152;0
99;True;4;0;0;0;00 FF -> 00 FF;0009:01BF;Door, Doesn't Load Rooms, Double Door: False, Message ID (+0200): 023F,;-1540;0;1490;0;16384;0
99;True;4;1;0;0;00 FF -> 00 FF;0009:01BF;Door, Doesn't Load Rooms, Double Door: False, Message ID (+0200): 023F,;730;0;-2860;0;32768;0
99;True;4;2;0;0;00 FF -> 00 FF;0009:01BF;Door, Doesn't Load Rooms, Double Door: False, Message ID (+0200): 023F,;1020;0;-3100;0;49152;0
99;True;5;0;0;0;00 FF -> 00 FF;0009:01BF;Door, Doesn't Load Rooms, Double Door: False, Message ID (+0200): 023F,;-1540;0;1490;0;16384;0
99;True;5;1;0;0;00 FF -> 00 FF;0009:01BF;Door, Doesn't Load Rooms, Double Door: False, Message ID (+0200): 023F,;730;0;-2860;0;32768;0
99;True;5;2;0;0;00 FF -> 00 FF;0009:01BF;Door, Doesn't Load Rooms, Double Door: False, Message ID (+0200): 023F,;1020;0;-3100;0;49152;0
99;True;6;0;0;0;00 FF -> 00 FF;0009:01BF;Door, Doesn't Load Rooms, Double Door: False, Message ID (+0200): 023F,;-1540;0;1490;0;16384;0
99;True;6;1;0;0;00 FF -> 00 FF;0009:01BF;Door, Doesn't Load Rooms, Double Door: False, Message ID (+0200): 023F,;730;0;-2860;0;32768;0
99;True;6;2;0;0;00 FF -> 00 FF;0009:01BF;Door, Doesn't Load Rooms, Double Door: False, Message ID (+0200): 023F,;1020;0;-3100;0;49152;0
99;True;7;0;0;0;00 FF -> 00 FF;0009:01BF;Door, Doesn't Load Rooms, Double Door: False, Message ID (+0200): 023F,;-1540;0;1490;0;16384;0
99;True;7;1;0;0;00 FF -> 00 FF;0009:01BF;Door, Doesn't Load Rooms, Double Door: False, Message ID (+0200): 023F,;730;0;-2860;0;32768;0
99;True;7;2;0;0;00 FF -> 00 FF;0009:01BF;Door, Doesn't Load Rooms, Double Door: False, Message ID (+0200): 023F,;1020;0;-3100;0;49152;0
